"","Type","KeyCite.Treatment","KeyCite.URL","Title","Document.URL","Court.Line","Filed.Date","Citation","Cite.Caveat","Parallel.Cite","Docket.Num","X","year"
"1","Cases","Yellow KeyCite","https://www.westlaw.com/Link/RelatedInformation/Flag?docGuid=I221507039bf011d993e6d35cc61aab4a&rank=24&listSource=Search&list=CASE&ppcid=e20d53891a2b47faa7bc74de77bf5729&originationContext=Search%20Result&transitionType=SearchItem&contextData=%28sc.Default%29&VR=3.0&RS=cblt1.0","U.S. v. Continental Can Co.","https://www.westlaw.com/Document/I221507039bf011d993e6d35cc61aab4a/View/FullText.html?listSource=Search&list=CASE&rank=24&sessionScopeId=4bf52b47ab8a30a0c354223d42e8203fa804931858114e1d1270d4986c81673b&ppcid=e20d53891a2b47faa7bc74de77bf5729&originationContext=Search%20Result&transitionType=SearchItem&contextData=%28sc.Default%29&VR=3.0&RS=cblt1.0","Supreme Court of the United States","June 22, 1964","378 U.S. 441",NA,"84 S.Ct. 1738","367",NA,1964
"2","Cases","Yellow KeyCite","https://www.westlaw.com/Link/RelatedInformation/Flag?docGuid=I0a46aad49bf011d991d0cc6b54f12d4d&rank=26&listSource=Search&list=CASE&ppcid=e20d53891a2b47faa7bc74de77bf5729&originationContext=Search%20Result&transitionType=SearchItem&contextData=%28sc.Default%29&VR=3.0&RS=cblt1.0","U.S. v. W. T. Grant Co.","https://www.westlaw.com/Document/I0a46aad49bf011d991d0cc6b54f12d4d/View/FullText.html?listSource=Search&list=CASE&rank=26&sessionScopeId=4bf52b47ab8a30a0c354223d42e8203fa804931858114e1d1270d4986c81673b&ppcid=e20d53891a2b47faa7bc74de77bf5729&originationContext=Search%20Result&transitionType=SearchItem&contextData=%28sc.Default%29&VR=3.0&RS=cblt1.0","Supreme Court of the United States","May 25, 1953","345 U.S. 629",NA,"73 S.Ct. 894","532",NA,1953
"3","Cases","Yellow KeyCite","https://www.westlaw.com/Link/RelatedInformation/Flag?docGuid=I64d8452a9c1d11d9bc61beebb95be672&rank=30&listSource=Search&list=CASE&ppcid=e20d53891a2b47faa7bc74de77bf5729&originationContext=Search%20Result&transitionType=SearchItem&contextData=%28sc.Default%29&VR=3.0&RS=cblt1.0","California v. Federal Power Commission","https://www.westlaw.com/Document/I64d8452a9c1d11d9bc61beebb95be672/View/FullText.html?listSource=Search&list=CASE&rank=30&sessionScopeId=4bf52b47ab8a30a0c354223d42e8203fa804931858114e1d1270d4986c81673b&ppcid=e20d53891a2b47faa7bc74de77bf5729&originationContext=Search%20Result&transitionType=SearchItem&contextData=%28sc.Default%29&VR=3.0&RS=cblt1.0","Supreme Court of the United States","April 30, 1962","369 U.S. 482",NA,"82 S.Ct. 901","187",NA,1962
"4","Cases","Yellow KeyCite","https://www.westlaw.com/Link/RelatedInformation/Flag?docGuid=Ibdd3aef39c2511d9bc61beebb95be672&rank=33&listSource=Search&list=CASE&ppcid=e20d53891a2b47faa7bc74de77bf5729&originationContext=Search%20Result&transitionType=SearchItem&contextData=%28sc.Default%29&VR=3.0&RS=cblt1.0","Klehr v. A.O. Smith Corp.","https://www.westlaw.com/Document/Ibdd3aef39c2511d9bc61beebb95be672/View/FullText.html?listSource=Search&list=CASE&rank=33&sessionScopeId=4bf52b47ab8a30a0c354223d42e8203fa804931858114e1d1270d4986c81673b&ppcid=e20d53891a2b47faa7bc74de77bf5729&originationContext=Search%20Result&transitionType=SearchItem&contextData=%28sc.Default%29&VR=3.0&RS=cblt1.0","Supreme Court of the United States","June 19, 1997","521 U.S. 179",NA,"117 S.Ct. 1984","96-663",NA,1997
"5","Cases","","","F.T.C. v. Procter & Gamble Co.","https://www.westlaw.com/Document/Icea1adb99c9611d993e6d35cc61aab4a/View/FullText.html?listSource=Search&list=CASE&rank=40&sessionScopeId=4bf52b47ab8a30a0c354223d42e8203fa804931858114e1d1270d4986c81673b&ppcid=e20d53891a2b47faa7bc74de77bf5729&originationContext=Search%20Result&transitionType=SearchItem&contextData=%28sc.Default%29&VR=3.0&RS=cblt1.0","Supreme Court of the United States","April 11, 1967","386 U.S. 568",NA,"87 S.Ct. 1224","342",NA,1967
"6","Cases","Yellow KeyCite","https://www.westlaw.com/Link/RelatedInformation/Flag?docGuid=I2368c14b9c1e11d9bdd1cfdd544ca3a4&rank=41&listSource=Search&list=CASE&ppcid=e20d53891a2b47faa7bc74de77bf5729&originationContext=Search%20Result&transitionType=SearchItem&contextData=%28sc.Default%29&VR=3.0&RS=cblt1.0","U. S. v. Phillipsburg Nat. Bank & Trust Co.","https://www.westlaw.com/Document/I2368c14b9c1e11d9bdd1cfdd544ca3a4/View/FullText.html?listSource=Search&list=CASE&rank=41&sessionScopeId=4bf52b47ab8a30a0c354223d42e8203fa804931858114e1d1270d4986c81673b&ppcid=e20d53891a2b47faa7bc74de77bf5729&originationContext=Search%20Result&transitionType=SearchItem&contextData=%28sc.Default%29&VR=3.0&RS=cblt1.0","Supreme Court of the United States","June 29, 1970","399 U.S. 350",NA,"90 S.Ct. 2035","1093",NA,1970
"7","Cases","Yellow KeyCite","https://www.westlaw.com/Link/RelatedInformation/Flag?docGuid=I2351ddec9c1e11d9bdd1cfdd544ca3a4&rank=42&listSource=Search&list=CASE&ppcid=e20d53891a2b47faa7bc74de77bf5729&originationContext=Search%20Result&transitionType=SearchItem&contextData=%28sc.Default%29&VR=3.0&RS=cblt1.0","Agency Holding Corp. v. Malley-Duff & Associates, Inc.","https://www.westlaw.com/Document/I2351ddec9c1e11d9bdd1cfdd544ca3a4/View/FullText.html?listSource=Search&list=CASE&rank=42&sessionScopeId=4bf52b47ab8a30a0c354223d42e8203fa804931858114e1d1270d4986c81673b&ppcid=e20d53891a2b47faa7bc74de77bf5729&originationContext=Search%20Result&transitionType=SearchItem&contextData=%28sc.Default%29&VR=3.0&RS=cblt1.0","Supreme Court of the United States","June 22, 1987","483 U.S. 143",NA,"107 S.Ct. 2759","86-497, 86-531",NA,1987
"8","Cases","Yellow KeyCite","https://www.westlaw.com/Link/RelatedInformation/Flag?docGuid=I1d26d82b9c9711d993e6d35cc61aab4a&rank=48&listSource=Search&list=CASE&ppcid=e20d53891a2b47faa7bc74de77bf5729&originationContext=Search%20Result&transitionType=SearchItem&contextData=%28sc.Default%29&VR=3.0&RS=cblt1.0","F.T.C. v. Consolidated Foods Corp.","https://www.westlaw.com/Document/I1d26d82b9c9711d993e6d35cc61aab4a/View/FullText.html?listSource=Search&list=CASE&rank=48&sessionScopeId=4bf52b47ab8a30a0c354223d42e8203fa804931858114e1d1270d4986c81673b&ppcid=e20d53891a2b47faa7bc74de77bf5729&originationContext=Search%20Result&transitionType=SearchItem&contextData=%28sc.Default%29&VR=3.0&RS=cblt1.0","Supreme Court of the United States","April 28, 1965","380 U.S. 592",NA,"85 S.Ct. 1220","422",NA,1965
"9","Cases","Yellow KeyCite","https://www.westlaw.com/Link/RelatedInformation/Flag?docGuid=I1d19b8c29c9711d993e6d35cc61aab4a&rank=56&listSource=Search&list=CASE&ppcid=e20d53891a2b47faa7bc74de77bf5729&originationContext=Search%20Result&transitionType=SearchItem&contextData=%28sc.Default%29&VR=3.0&RS=cblt1.0","Marek v. Chesny","https://www.westlaw.com/Document/I1d19b8c29c9711d993e6d35cc61aab4a/View/FullText.html?listSource=Search&list=CASE&rank=56&sessionScopeId=4bf52b47ab8a30a0c354223d42e8203fa804931858114e1d1270d4986c81673b&ppcid=e20d53891a2b47faa7bc74de77bf5729&originationContext=Search%20Result&transitionType=SearchItem&contextData=%28sc.Default%29&VR=3.0&RS=cblt1.0","Supreme Court of the United States","June 27, 1985","473 U.S. 1",NA,"105 S.Ct. 3012","=""83-1437""",NA,1985
"10","Cases","","","F.T.C. v. Jantzen, Inc.","https://www.westlaw.com/Document/I1d263bf19c9711d993e6d35cc61aab4a/View/FullText.html?listSource=Search&list=CASE&rank=59&sessionScopeId=4bf52b47ab8a30a0c354223d42e8203fa804931858114e1d1270d4986c81673b&ppcid=e20d53891a2b47faa7bc74de77bf5729&originationContext=Search%20Result&transitionType=SearchItem&contextData=%28sc.Default%29&VR=3.0&RS=cblt1.0","Supreme Court of the United States","March 13, 1967","386 U.S. 228",NA,"87 S.Ct. 998","310",NA,1967
"11","Cases","","","Brunswick Corp. v. Pueblo Bowl-O-Mat, Inc.","https://www.westlaw.com/Document/Ida14a33b9c0711d9bdd1cfdd544ca3a4/View/FullText.html?listSource=Search&list=CASE&rank=62&sessionScopeId=4bf52b47ab8a30a0c354223d42e8203fa804931858114e1d1270d4986c81673b&ppcid=e20d53891a2b47faa7bc74de77bf5729&originationContext=Search%20Result&transitionType=SearchItem&contextData=%28sc.Default%29&VR=3.0&RS=cblt1.0","Supreme Court of the United States","February 23, 1976","424 U.S. 908",NA,"96 S.Ct. 1101 (Mem)","75 904",NA,1976
"12","Cases","","","F.T.C. v. Henry Broch & Co.","https://www.westlaw.com/Document/Id38feb569be911d993e6d35cc61aab4a/View/FullText.html?listSource=Search&list=CASE&rank=68&sessionScopeId=4bf52b47ab8a30a0c354223d42e8203fa804931858114e1d1270d4986c81673b&ppcid=e20d53891a2b47faa7bc74de77bf5729&originationContext=Search%20Result&transitionType=SearchItem&contextData=%28sc.Default%29&VR=3.0&RS=cblt1.0","Supreme Court of the United States","January 15, 1962","368 U.S. 360",NA,"82 S.Ct. 431","74",NA,1962
"13","Cases","Yellow KeyCite","https://www.westlaw.com/Link/RelatedInformation/Flag?docGuid=Ibdeab96a9c2511d9bc61beebb95be672&rank=71&listSource=Search&list=CASE&ppcid=e20d53891a2b47faa7bc74de77bf5729&originationContext=Search%20Result&transitionType=SearchItem&contextData=%28sc.Default%29&VR=3.0&RS=cblt1.0","Rotella v. Wood","https://www.westlaw.com/Document/Ibdeab96a9c2511d9bc61beebb95be672/View/FullText.html?listSource=Search&list=CASE&rank=71&sessionScopeId=4bf52b47ab8a30a0c354223d42e8203fa804931858114e1d1270d4986c81673b&ppcid=e20d53891a2b47faa7bc74de77bf5729&originationContext=Search%20Result&transitionType=SearchItem&contextData=%28sc.Default%29&VR=3.0&RS=cblt1.0","Supreme Court of the United States","February 23, 2000","528 U.S. 549",NA,"120 S.Ct. 1075","98-896",NA,2000
"14","Cases","Yellow KeyCite","https://www.westlaw.com/Link/RelatedInformation/Flag?docGuid=I1d23a3da9c9711d993e6d35cc61aab4a&rank=72&listSource=Search&list=CASE&ppcid=e20d53891a2b47faa7bc74de77bf5729&originationContext=Search%20Result&transitionType=SearchItem&contextData=%28sc.Default%29&VR=3.0&RS=cblt1.0","U. S. v. El Paso Natural Gas Co.","https://www.westlaw.com/Document/I1d23a3da9c9711d993e6d35cc61aab4a/View/FullText.html?listSource=Search&list=CASE&rank=72&sessionScopeId=4bf52b47ab8a30a0c354223d42e8203fa804931858114e1d1270d4986c81673b&ppcid=e20d53891a2b47faa7bc74de77bf5729&originationContext=Search%20Result&transitionType=SearchItem&contextData=%28sc.Default%29&VR=3.0&RS=cblt1.0","Supreme Court of the United States","April 06, 1964","376 U.S. 651",NA,"84 S.Ct. 1044","94",NA,1964
"15","Cases","Yellow KeyCite","https://www.westlaw.com/Link/RelatedInformation/Flag?docGuid=Iab8f6ca59bf011d991d0cc6b54f12d4d&rank=74&listSource=Search&list=CASE&ppcid=e20d53891a2b47faa7bc74de77bf5729&originationContext=Search%20Result&transitionType=SearchItem&contextData=%28sc.Default%29&VR=3.0&RS=cblt1.0","U. S. v. Connecticut Nat. Bank","https://www.westlaw.com/Document/Iab8f6ca59bf011d991d0cc6b54f12d4d/View/FullText.html?listSource=Search&list=CASE&rank=74&sessionScopeId=4bf52b47ab8a30a0c354223d42e8203fa804931858114e1d1270d4986c81673b&ppcid=e20d53891a2b47faa7bc74de77bf5729&originationContext=Search%20Result&transitionType=SearchItem&contextData=%28sc.Default%29&VR=3.0&RS=cblt1.0","Supreme Court of the United States","June 26, 1974","418 U.S. 656",NA,"94 S.Ct. 2788","73-767",NA,1974
"16","Cases","","","U. S. v. Michigan Nat. Corp.","https://www.westlaw.com/Document/I5abaff3b9be911d9bc61beebb95be672/View/FullText.html?listSource=Search&list=CASE&rank=75&sessionScopeId=4bf52b47ab8a30a0c354223d42e8203fa804931858114e1d1270d4986c81673b&ppcid=e20d53891a2b47faa7bc74de77bf5729&originationContext=Search%20Result&transitionType=SearchItem&contextData=%28sc.Default%29&VR=3.0&RS=cblt1.0","Supreme Court of the United States","October 21, 1974","419 U.S. 1",NA,"95 S.Ct. 10","=""73-1737""",NA,1974
"17","Cases","Yellow KeyCite","https://www.westlaw.com/Link/RelatedInformation/Flag?docGuid=I222310d29bf011d993e6d35cc61aab4a&rank=83&listSource=Search&list=CASE&ppcid=e20d53891a2b47faa7bc74de77bf5729&originationContext=Search%20Result&transitionType=SearchItem&contextData=%28sc.Default%29&VR=3.0&RS=cblt1.0","Moore v. Mead's Fine Bread Company","https://www.westlaw.com/Document/I222310d29bf011d993e6d35cc61aab4a/View/FullText.html?listSource=Search&list=CASE&rank=83&sessionScopeId=4bf52b47ab8a30a0c354223d42e8203fa804931858114e1d1270d4986c81673b&ppcid=e20d53891a2b47faa7bc74de77bf5729&originationContext=Search%20Result&transitionType=SearchItem&contextData=%28sc.Default%29&VR=3.0&RS=cblt1.0","Supreme Court of the United States","December 06, 1954","348 U.S. 115",NA,"75 S.Ct. 148","121",NA,1954
"18","Cases","Yellow KeyCite","https://www.westlaw.com/Link/RelatedInformation/Flag?docGuid=Ie9c015339c1b11d9bdd1cfdd544ca3a4&rank=85&listSource=Search&list=CASE&ppcid=e20d53891a2b47faa7bc74de77bf5729&originationContext=Search%20Result&transitionType=SearchItem&contextData=%28sc.Default%29&VR=3.0&RS=cblt1.0","Cascade Natural Gas Corp. v. El Paso Natural Gas Co.","https://www.westlaw.com/Document/Ie9c015339c1b11d9bdd1cfdd544ca3a4/View/FullText.html?listSource=Search&list=CASE&rank=85&sessionScopeId=4bf52b47ab8a30a0c354223d42e8203fa804931858114e1d1270d4986c81673b&ppcid=e20d53891a2b47faa7bc74de77bf5729&originationContext=Search%20Result&transitionType=SearchItem&contextData=%28sc.Default%29&VR=3.0&RS=cblt1.0","Supreme Court of the United States","February 27, 1967","386 U.S. 129",NA,"87 S.Ct. 932","156297, 4",NA,1967
"19","Cases","Yellow KeyCite","https://www.westlaw.com/Link/RelatedInformation/Flag?docGuid=Ia48e1c339c4a11d991d0cc6b54f12d4d&rank=86&listSource=Search&list=CASE&ppcid=e20d53891a2b47faa7bc74de77bf5729&originationContext=Search%20Result&transitionType=SearchItem&contextData=%28sc.Default%29&VR=3.0&RS=cblt1.0","McKennon v. Nashville Banner Pub. Co.","https://www.westlaw.com/Document/Ia48e1c339c4a11d991d0cc6b54f12d4d/View/FullText.html?listSource=Search&list=CASE&rank=86&sessionScopeId=4bf52b47ab8a30a0c354223d42e8203fa804931858114e1d1270d4986c81673b&ppcid=e20d53891a2b47faa7bc74de77bf5729&originationContext=Search%20Result&transitionType=SearchItem&contextData=%28sc.Default%29&VR=3.0&RS=cblt1.0","Supreme Court of the United States","January 23, 1995","513 U.S. 352",NA,"115 S.Ct. 879","=""93-1543""",NA,1995
"20","Cases","Yellow KeyCite","https://www.westlaw.com/Link/RelatedInformation/Flag?docGuid=Icea04e299c9611d993e6d35cc61aab4a&rank=87&listSource=Search&list=CASE&ppcid=e20d53891a2b47faa7bc74de77bf5729&originationContext=Search%20Result&transitionType=SearchItem&contextData=%28sc.Default%29&VR=3.0&RS=cblt1.0","U.S. v. Marine Bancorporation, Inc.","https://www.westlaw.com/Document/Icea04e299c9611d993e6d35cc61aab4a/View/FullText.html?listSource=Search&list=CASE&rank=87&sessionScopeId=4bf52b47ab8a30a0c354223d42e8203fa804931858114e1d1270d4986c81673b&ppcid=e20d53891a2b47faa7bc74de77bf5729&originationContext=Search%20Result&transitionType=SearchItem&contextData=%28sc.Default%29&VR=3.0&RS=cblt1.0","Supreme Court of the United States","June 26, 1974","418 U.S. 602",NA,"94 S.Ct. 2856","73-38",NA,1974
"21","Cases","","","Safeway Stores v. Vance","https://www.westlaw.com/Document/I0a3df8399bf011d991d0cc6b54f12d4d/View/FullText.html?listSource=Search&list=CASE&rank=88&sessionScopeId=4bf52b47ab8a30a0c354223d42e8203fa804931858114e1d1270d4986c81673b&ppcid=e20d53891a2b47faa7bc74de77bf5729&originationContext=Search%20Result&transitionType=SearchItem&contextData=%28sc.Default%29&VR=3.0&RS=cblt1.0","Supreme Court of the United States","January 20, 1958","355 U.S. 389",NA,"78 S.Ct. 358","69",NA,1958
"22","Cases","","","U. S. v. Boston & M. R. R.","https://www.westlaw.com/Document/I18e406fb9bea11d9bdd1cfdd544ca3a4/View/FullText.html?listSource=Search&list=CASE&rank=93&sessionScopeId=4bf52b47ab8a30a0c354223d42e8203fa804931858114e1d1270d4986c81673b&ppcid=e20d53891a2b47faa7bc74de77bf5729&originationContext=Search%20Result&transitionType=SearchItem&contextData=%28sc.Default%29&VR=3.0&RS=cblt1.0","Supreme Court of the United States","March 08, 1965","380 U.S. 157",NA,"85 S.Ct. 868","232",NA,1965
"23","Cases","Yellow KeyCite","https://www.westlaw.com/Link/RelatedInformation/Flag?docGuid=Icea0753d9c9611d993e6d35cc61aab4a&rank=96&listSource=Search&list=CASE&ppcid=e20d53891a2b47faa7bc74de77bf5729&originationContext=Search%20Result&transitionType=SearchItem&contextData=%28sc.Default%29&VR=3.0&RS=cblt1.0","U. S. v. General Dynamics Corp.","https://www.westlaw.com/Document/Icea0753d9c9611d993e6d35cc61aab4a/View/FullText.html?listSource=Search&list=CASE&rank=96&sessionScopeId=4bf52b47ab8a30a0c354223d42e8203fa804931858114e1d1270d4986c81673b&ppcid=e20d53891a2b47faa7bc74de77bf5729&originationContext=Search%20Result&transitionType=SearchItem&contextData=%28sc.Default%29&VR=3.0&RS=cblt1.0","Supreme Court of the United States","March 19, 1974","415 U.S. 486",NA,"94 S.Ct. 1186","72-402",NA,1974
"24","Cases","Yellow KeyCite","https://www.westlaw.com/Link/RelatedInformation/Flag?docGuid=I0210e51c36e911e6a807ad48145ed9f1&rank=97&listSource=Search&list=CASE&ppcid=e20d53891a2b47faa7bc74de77bf5729&originationContext=Search%20Result&transitionType=SearchItem&contextData=%28sc.Default%29&VR=3.0&RS=cblt1.0","RJR Nabisco, Inc. v. European Community","https://www.westlaw.com/Document/I0210e51c36e911e6a807ad48145ed9f1/View/FullText.html?listSource=Search&list=CASE&rank=97&sessionScopeId=4bf52b47ab8a30a0c354223d42e8203fa804931858114e1d1270d4986c81673b&ppcid=e20d53891a2b47faa7bc74de77bf5729&originationContext=Search%20Result&transitionType=SearchItem&contextData=%28sc.Default%29&VR=3.0&RS=cblt1.0","Supreme Court of the United States","June 20, 2016","579 U.S. 325",NA,"136 S.Ct. 2090","15-138",NA,2016
"25","Cases","Yellow KeyCite","https://www.westlaw.com/Link/RelatedInformation/Flag?docGuid=Icea1adbf9c9611d993e6d35cc61aab4a&rank=100&listSource=Search&list=CASE&ppcid=e20d53891a2b47faa7bc74de77bf5729&originationContext=Search%20Result&transitionType=SearchItem&contextData=%28sc.Default%29&VR=3.0&RS=cblt1.0","F.T.C. v. Dean Foods Co.","https://www.westlaw.com/Document/Icea1adbf9c9611d993e6d35cc61aab4a/View/FullText.html?listSource=Search&list=CASE&rank=100&sessionScopeId=4bf52b47ab8a30a0c354223d42e8203fa804931858114e1d1270d4986c81673b&ppcid=e20d53891a2b47faa7bc74de77bf5729&originationContext=Search%20Result&transitionType=SearchItem&contextData=%28sc.Default%29&VR=3.0&RS=cblt1.0","Supreme Court of the United States","June 13, 1966","384 U.S. 597",NA,"86 S.Ct. 1738","970",NA,1966
"26","Cases","","","Seaboard Air Line R. Co. v. U. S.","https://www.westlaw.com/Document/Ic83981029be811d991d0cc6b54f12d4d/View/FullText.html?listSource=Search&list=CASE&rank=102&sessionScopeId=4bf52b47ab8a30a0c354223d42e8203fa804931858114e1d1270d4986c81673b&ppcid=e20d53891a2b47faa7bc74de77bf5729&originationContext=Search%20Result&transitionType=SearchItem&contextData=%28sc.Default%29&VR=3.0&RS=cblt1.0","Supreme Court of the United States","November 22, 1965","382 U.S. 154",NA,"86 S.Ct. 277","555, 425",NA,1965
"27","Cases","","","Moog Industries v. Federal Trade Commission","https://www.westlaw.com/Document/I1d2726519c9711d993e6d35cc61aab4a/View/FullText.html?listSource=Search&list=CASE&rank=104&sessionScopeId=4bf52b47ab8a30a0c354223d42e8203fa804931858114e1d1270d4986c81673b&ppcid=e20d53891a2b47faa7bc74de77bf5729&originationContext=Search%20Result&transitionType=SearchItem&contextData=%28sc.Default%29&VR=3.0&RS=cblt1.0","Supreme Court of the United States","January 27, 1958","355 U.S. 411",NA,"78 S.Ct. 377","110, 77",NA,1958
"28","Cases","Yellow KeyCite","https://www.westlaw.com/Link/RelatedInformation/Flag?docGuid=I1d25edca9c9711d993e6d35cc61aab4a&rank=105&listSource=Search&list=CASE&ppcid=e20d53891a2b47faa7bc74de77bf5729&originationContext=Search%20Result&transitionType=SearchItem&contextData=%28sc.Default%29&VR=3.0&RS=cblt1.0","Perkins v. Standard Oil Co. of Cal.","https://www.westlaw.com/Document/I1d25edca9c9711d993e6d35cc61aab4a/View/FullText.html?listSource=Search&list=CASE&rank=105&sessionScopeId=4bf52b47ab8a30a0c354223d42e8203fa804931858114e1d1270d4986c81673b&ppcid=e20d53891a2b47faa7bc74de77bf5729&originationContext=Search%20Result&transitionType=SearchItem&contextData=%28sc.Default%29&VR=3.0&RS=cblt1.0","Supreme Court of the United States","June 16, 1969","395 U.S. 642",NA,"89 S.Ct. 1871","624",NA,1969
"29","Cases","","","F.T.C. v. Universal-Rundle Corp.","https://www.westlaw.com/Document/I0a3d5bf79bf011d991d0cc6b54f12d4d/View/FullText.html?listSource=Search&list=CASE&rank=109&sessionScopeId=4bf52b47ab8a30a0c354223d42e8203fa804931858114e1d1270d4986c81673b&ppcid=e20d53891a2b47faa7bc74de77bf5729&originationContext=Search%20Result&transitionType=SearchItem&contextData=%28sc.Default%29&VR=3.0&RS=cblt1.0","Supreme Court of the United States","May 29, 1967","387 U.S. 244",NA,"87 S.Ct. 1622","101",NA,1967
"30","Cases","Yellow KeyCite","https://www.westlaw.com/Link/RelatedInformation/Flag?docGuid=I1d27264b9c9711d993e6d35cc61aab4a&rank=110&listSource=Search&list=CASE&ppcid=e20d53891a2b47faa7bc74de77bf5729&originationContext=Search%20Result&transitionType=SearchItem&contextData=%28sc.Default%29&VR=3.0&RS=cblt1.0","F.T.C. v. Anheuser-Busch, Inc.","https://www.westlaw.com/Document/I1d27264b9c9711d993e6d35cc61aab4a/View/FullText.html?listSource=Search&list=CASE&rank=110&sessionScopeId=4bf52b47ab8a30a0c354223d42e8203fa804931858114e1d1270d4986c81673b&ppcid=e20d53891a2b47faa7bc74de77bf5729&originationContext=Search%20Result&transitionType=SearchItem&contextData=%28sc.Default%29&VR=3.0&RS=cblt1.0","Supreme Court of the United States","June 20, 1960","363 U.S. 536",NA,"80 S.Ct. 1267","389",NA,1960
"31","Cases","Yellow KeyCite","https://www.westlaw.com/Link/RelatedInformation/Flag?docGuid=Ic838bdb49be811d991d0cc6b54f12d4d&rank=119&listSource=Search&list=CASE&ppcid=e20d53891a2b47faa7bc74de77bf5729&originationContext=Search%20Result&transitionType=SearchItem&contextData=%28sc.Default%29&VR=3.0&RS=cblt1.0","Perkins v. Standard Oil Co. of Cal.","https://www.westlaw.com/Document/Ic838bdb49be811d991d0cc6b54f12d4d/View/FullText.html?listSource=Search&list=CASE&rank=119&sessionScopeId=4bf52b47ab8a30a0c354223d42e8203fa804931858114e1d1270d4986c81673b&ppcid=e20d53891a2b47faa7bc74de77bf5729&originationContext=Search%20Result&transitionType=SearchItem&contextData=%28sc.Default%29&VR=3.0&RS=cblt1.0","Supreme Court of the United States","June 23, 1970","399 U.S. 222",NA,"90 S.Ct. 1989","1507, 1556",NA,1970
"32","Cases","Yellow KeyCite","https://www.westlaw.com/Link/RelatedInformation/Flag?docGuid=I1d26ff3b9c9711d993e6d35cc61aab4a&rank=122&listSource=Search&list=CASE&ppcid=e20d53891a2b47faa7bc74de77bf5729&originationContext=Search%20Result&transitionType=SearchItem&contextData=%28sc.Default%29&VR=3.0&RS=cblt1.0","F.T.C. v. Sun Oil Co.","https://www.westlaw.com/Document/I1d26ff3b9c9711d993e6d35cc61aab4a/View/FullText.html?listSource=Search&list=CASE&rank=122&sessionScopeId=4bf52b47ab8a30a0c354223d42e8203fa804931858114e1d1270d4986c81673b&ppcid=e20d53891a2b47faa7bc74de77bf5729&originationContext=Search%20Result&transitionType=SearchItem&contextData=%28sc.Default%29&VR=3.0&RS=cblt1.0","Supreme Court of the United States","January 14, 1963","371 U.S. 505",NA,"83 S.Ct. 358","56",NA,1963
"33","Cases","Yellow KeyCite","https://www.westlaw.com/Link/RelatedInformation/Flag?docGuid=I236c91d19c1e11d9bdd1cfdd544ca3a4&rank=131&listSource=Search&list=CASE&ppcid=e20d53891a2b47faa7bc74de77bf5729&originationContext=Search%20Result&transitionType=SearchItem&contextData=%28sc.Default%29&VR=3.0&RS=cblt1.0","U.S. v. Diebold, Inc.","https://www.westlaw.com/Document/I236c91d19c1e11d9bdd1cfdd544ca3a4/View/FullText.html?listSource=Search&list=CASE&rank=131&sessionScopeId=4bf52b47ab8a30a0c354223d42e8203fa804931858114e1d1270d4986c81673b&ppcid=e20d53891a2b47faa7bc74de77bf5729&originationContext=Search%20Result&transitionType=SearchItem&contextData=%28sc.Default%29&VR=3.0&RS=cblt1.0","Supreme Court of the United States","May 14, 1962","369 U.S. 654",NA,"82 S.Ct. 993","286",NA,1962
"34","Cases","Yellow KeyCite","https://www.westlaw.com/Link/RelatedInformation/Flag?docGuid=I222163239bf011d993e6d35cc61aab4a&rank=137&listSource=Search&list=CASE&ppcid=e20d53891a2b47faa7bc74de77bf5729&originationContext=Search%20Result&transitionType=SearchItem&contextData=%28sc.Default%29&VR=3.0&RS=cblt1.0","Chardon v. Fumero Soto","https://www.westlaw.com/Document/I222163239bf011d993e6d35cc61aab4a/View/FullText.html?listSource=Search&list=CASE&rank=137&sessionScopeId=4bf52b47ab8a30a0c354223d42e8203fa804931858114e1d1270d4986c81673b&ppcid=e20d53891a2b47faa7bc74de77bf5729&originationContext=Search%20Result&transitionType=SearchItem&contextData=%28sc.Default%29&VR=3.0&RS=cblt1.0","Supreme Court of the United States","June 20, 1983","462 U.S. 650",NA,"103 S.Ct. 2611","82-271",NA,1983
"35","Cases","Yellow KeyCite","https://www.westlaw.com/Link/RelatedInformation/Flag?docGuid=I1d27264a9c9711d993e6d35cc61aab4a&rank=149&listSource=Search&list=CASE&ppcid=e20d53891a2b47faa7bc74de77bf5729&originationContext=Search%20Result&transitionType=SearchItem&contextData=%28sc.Default%29&VR=3.0&RS=cblt1.0","F.T.C. v. Henry Broch & Company","https://www.westlaw.com/Document/I1d27264a9c9711d993e6d35cc61aab4a/View/FullText.html?listSource=Search&list=CASE&rank=149&sessionScopeId=4bf52b47ab8a30a0c354223d42e8203fa804931858114e1d1270d4986c81673b&ppcid=e20d53891a2b47faa7bc74de77bf5729&originationContext=Search%20Result&transitionType=SearchItem&contextData=%28sc.Default%29&VR=3.0&RS=cblt1.0","Supreme Court of the United States","June 06, 1960","363 U.S. 166",NA,"80 S.Ct. 1158","61",NA,1960
"36","Cases","Yellow KeyCite","https://www.westlaw.com/Link/RelatedInformation/Flag?docGuid=I64d9087c9c1d11d9bc61beebb95be672&rank=156&listSource=Search&list=CASE&ppcid=e20d53891a2b47faa7bc74de77bf5729&originationContext=Search%20Result&transitionType=SearchItem&contextData=%28sc.Default%29&VR=3.0&RS=cblt1.0","Federal Trade Commission v. Minneapolis-Honeywell Regulator Co.","https://www.westlaw.com/Document/I64d9087c9c1d11d9bc61beebb95be672/View/FullText.html?listSource=Search&list=CASE&rank=156&sessionScopeId=4bf52b47ab8a30a0c354223d42e8203fa804931858114e1d1270d4986c81673b&ppcid=e20d53891a2b47faa7bc74de77bf5729&originationContext=Search%20Result&transitionType=SearchItem&contextData=%28sc.Default%29&VR=3.0&RS=cblt1.0","Supreme Court of the United States","December 22, 1952","344 U.S. 206",NA,"73 S.Ct. 245","11",NA,1952
"37","Cases","Yellow KeyCite","https://www.westlaw.com/Link/RelatedInformation/Flag?docGuid=Icea04e219c9611d993e6d35cc61aab4a&rank=161&listSource=Search&list=CASE&ppcid=e20d53891a2b47faa7bc74de77bf5729&originationContext=Search%20Result&transitionType=SearchItem&contextData=%28sc.Default%29&VR=3.0&RS=cblt1.0","U. S. v. ITT Continental Baking Co.","https://www.westlaw.com/Document/Icea04e219c9611d993e6d35cc61aab4a/View/FullText.html?listSource=Search&list=CASE&rank=161&sessionScopeId=4bf52b47ab8a30a0c354223d42e8203fa804931858114e1d1270d4986c81673b&ppcid=e20d53891a2b47faa7bc74de77bf5729&originationContext=Search%20Result&transitionType=SearchItem&contextData=%28sc.Default%29&VR=3.0&RS=cblt1.0","Supreme Court of the United States","February 19, 1975","420 U.S. 223",NA,"95 S.Ct. 926","=""73-1290""",NA,1975
"38","Cases","Yellow KeyCite","https://www.westlaw.com/Link/RelatedInformation/Flag?docGuid=I1d25c6b39c9711d993e6d35cc61aab4a&rank=170&listSource=Search&list=CASE&ppcid=e20d53891a2b47faa7bc74de77bf5729&originationContext=Search%20Result&transitionType=SearchItem&contextData=%28sc.Default%29&VR=3.0&RS=cblt1.0","Federal Maritime Com'n v. Seatrain Lines, Inc.","https://www.westlaw.com/Document/I1d25c6b39c9711d993e6d35cc61aab4a/View/FullText.html?listSource=Search&list=CASE&rank=170&sessionScopeId=4bf52b47ab8a30a0c354223d42e8203fa804931858114e1d1270d4986c81673b&ppcid=e20d53891a2b47faa7bc74de77bf5729&originationContext=Search%20Result&transitionType=SearchItem&contextData=%28sc.Default%29&VR=3.0&RS=cblt1.0","Supreme Court of the United States","May 14, 1973","411 U.S. 726",NA,"93 S.Ct. 1773","153402, 71-1647",NA,1973
"39","Cases","","","Federal Trade Com'n v. National Lead Co.","https://www.westlaw.com/Document/I1d274d5e9c9711d993e6d35cc61aab4a/View/FullText.html?listSource=Search&list=CASE&rank=175&sessionScopeId=4bf52b47ab8a30a0c354223d42e8203fa804931858114e1d1270d4986c81673b&ppcid=e20d53891a2b47faa7bc74de77bf5729&originationContext=Search%20Result&transitionType=SearchItem&contextData=%28sc.Default%29&VR=3.0&RS=cblt1.0","Supreme Court of the United States","February 25, 1957","352 U.S. 419",NA,"77 S.Ct. 502","63",NA,1957
"40","Cases","","","Leh v. General Petroleum Corporation","https://www.westlaw.com/Document/Iee8643129c0b11d993e6d35cc61aab4a/View/FullText.html?listSource=Search&list=CASE&rank=179&sessionScopeId=4bf52b47ab8a30a0c354223d42e8203fa804931858114e1d1270d4986c81673b&ppcid=e20d53891a2b47faa7bc74de77bf5729&originationContext=Search%20Result&transitionType=SearchItem&contextData=%28sc.Default%29&VR=3.0&RS=cblt1.0","Supreme Court of the United States","October 19, 1964","379 U.S. 877",NA,"85 S.Ct. 148","348",NA,1964
"41","Cases","","","United Mine Workers of America v. Railing","https://www.westlaw.com/Document/I17773d859c1f11d993e6d35cc61aab4a/View/FullText.html?listSource=Search&list=CASE&rank=180&sessionScopeId=4bf52b47ab8a30a0c354223d42e8203fa804931858114e1d1270d4986c81673b&ppcid=e20d53891a2b47faa7bc74de77bf5729&originationContext=Search%20Result&transitionType=SearchItem&contextData=%28sc.Default%29&VR=3.0&RS=cblt1.0","Supreme Court of the United States","March 22, 1971","401 U.S. 486",NA,"91 S.Ct. 991","1059",NA,1971
"42","Cases","Red KeyCite","https://www.westlaw.com/Link/RelatedInformation/Flag?docGuid=I236da3479c1e11d9bdd1cfdd544ca3a4&rank=182&listSource=Search&list=CASE&ppcid=e20d53891a2b47faa7bc74de77bf5729&originationContext=Search%20Result&transitionType=SearchItem&contextData=%28sc.Default%29&VR=3.0&RS=cblt1.0","Green v. U.S.","https://www.westlaw.com/Document/I236da3479c1e11d9bdd1cfdd544ca3a4/View/FullText.html?listSource=Search&list=CASE&rank=182&sessionScopeId=4bf52b47ab8a30a0c354223d42e8203fa804931858114e1d1270d4986c81673b&ppcid=e20d53891a2b47faa7bc74de77bf5729&originationContext=Search%20Result&transitionType=SearchItem&contextData=%28sc.Default%29&VR=3.0&RS=cblt1.0","Supreme Court of the United States","March 31, 1958","356 U.S. 165",NA,"78 S.Ct. 632","100",NA,1958
"43","Cases","Yellow KeyCite","https://www.westlaw.com/Link/RelatedInformation/Flag?docGuid=I616294709c1f11d9bc61beebb95be672&rank=191&listSource=Search&list=CASE&ppcid=e20d53891a2b47faa7bc74de77bf5729&originationContext=Search%20Result&transitionType=SearchItem&contextData=%28sc.Default%29&VR=3.0&RS=cblt1.0","Marine Cooks and Stewards, AFL v. Panama S. S. Co.","https://www.westlaw.com/Document/I616294709c1f11d9bc61beebb95be672/View/FullText.html?listSource=Search&list=CASE&rank=191&sessionScopeId=4bf52b47ab8a30a0c354223d42e8203fa804931858114e1d1270d4986c81673b&ppcid=e20d53891a2b47faa7bc74de77bf5729&originationContext=Search%20Result&transitionType=SearchItem&contextData=%28sc.Default%29&VR=3.0&RS=cblt1.0","Supreme Court of the United States","April 18, 1960","362 U.S. 365",NA,"80 S.Ct. 779","403",NA,1960
"44","Cases","Yellow KeyCite","https://www.westlaw.com/Link/RelatedInformation/Flag?docGuid=Iab938b559bf011d991d0cc6b54f12d4d&rank=193&listSource=Search&list=CASE&ppcid=e20d53891a2b47faa7bc74de77bf5729&originationContext=Search%20Result&transitionType=SearchItem&contextData=%28sc.Default%29&VR=3.0&RS=cblt1.0","Gulf States Utilities Co. v. Federal Power Commission","https://www.westlaw.com/Document/Iab938b559bf011d991d0cc6b54f12d4d/View/FullText.html?listSource=Search&list=CASE&rank=193&sessionScopeId=4bf52b47ab8a30a0c354223d42e8203fa804931858114e1d1270d4986c81673b&ppcid=e20d53891a2b47faa7bc74de77bf5729&originationContext=Search%20Result&transitionType=SearchItem&contextData=%28sc.Default%29&VR=3.0&RS=cblt1.0","Supreme Court of the United States","May 14, 1973","411 U.S. 747",NA,"93 S.Ct. 1870","153244, 36 L ED 2D 635, 71-1178 US, 93 S CT 1870",NA,1973
"45","Cases","Yellow KeyCite","https://www.westlaw.com/Link/RelatedInformation/Flag?docGuid=I617420aa9c1f11d9bc61beebb95be672&rank=195&listSource=Search&list=CASE&ppcid=e20d53891a2b47faa7bc74de77bf5729&originationContext=Search%20Result&transitionType=SearchItem&contextData=%28sc.Default%29&VR=3.0&RS=cblt1.0","Burlington Northern R. Co. v. Brotherhood of Maintenance of Way Employees","https://www.westlaw.com/Document/I617420aa9c1f11d9bc61beebb95be672/View/FullText.html?listSource=Search&list=CASE&rank=195&sessionScopeId=4bf52b47ab8a30a0c354223d42e8203fa804931858114e1d1270d4986c81673b&ppcid=e20d53891a2b47faa7bc74de77bf5729&originationContext=Search%20Result&transitionType=SearchItem&contextData=%28sc.Default%29&VR=3.0&RS=cblt1.0","Supreme Court of the United States","April 28, 1987","481 U.S. 429",NA,"107 S.Ct. 1841","86-39",NA,1987
"46","Cases","","","Gulf Oil Corp. v. Copp Paving Co., Inc.","https://www.westlaw.com/Document/I0327d8f69bd611d991d0cc6b54f12d4d/View/FullText.html?listSource=Search&list=CASE&rank=200&sessionScopeId=4bf52b47ab8a30a0c354223d42e8203fa804931858114e1d1270d4986c81673b&ppcid=e20d53891a2b47faa7bc74de77bf5729&originationContext=Search%20Result&transitionType=SearchItem&contextData=%28sc.Default%29&VR=3.0&RS=cblt1.0","Supreme Court of the United States","March 25, 1974","415 U.S. 988",NA,"94 S.Ct. 1586","=""73-1012""",NA,1974
"47","Cases","Yellow KeyCite","https://www.westlaw.com/Link/RelatedInformation/Flag?docGuid=I235f4b679c1e11d9bdd1cfdd544ca3a4&rank=202&listSource=Search&list=CASE&ppcid=e20d53891a2b47faa7bc74de77bf5729&originationContext=Search%20Result&transitionType=SearchItem&contextData=%28sc.Default%29&VR=3.0&RS=cblt1.0","Bangor Punta Operations, Inc. v. Bangor & A. R. Co.","https://www.westlaw.com/Document/I235f4b679c1e11d9bdd1cfdd544ca3a4/View/FullText.html?listSource=Search&list=CASE&rank=202&sessionScopeId=4bf52b47ab8a30a0c354223d42e8203fa804931858114e1d1270d4986c81673b&ppcid=e20d53891a2b47faa7bc74de77bf5729&originationContext=Search%20Result&transitionType=SearchItem&contextData=%28sc.Default%29&VR=3.0&RS=cblt1.0","Supreme Court of the United States","June 19, 1974","417 U.S. 703",NA,"94 S.Ct. 2578","73-718",NA,1974
"48","Cases","","","U.S. v. FMC Corp.","https://www.westlaw.com/Document/I220f3aa99bf011d993e6d35cc61aab4a/View/FullText.html?listSource=Search&list=CASE&rank=215&sessionScopeId=4bf52b47ab8a30a0c354223d42e8203fa804931858114e1d1270d4986c81673b&ppcid=e20d53891a2b47faa7bc74de77bf5729&originationContext=Search%20Result&transitionType=SearchItem&contextData=%28sc.Default%29&VR=3.0&RS=cblt1.0","Supreme Court of the United States","August 09, 1963","84 S.Ct. 4",NA,"11 L.Ed.2d 20","",NA,1963
"49","Cases","Yellow KeyCite","https://www.westlaw.com/Link/RelatedInformation/Flag?docGuid=Ifcbfdeffe8e311e4b4bafa136b480ad2&rank=216&listSource=Search&list=CASE&ppcid=e20d53891a2b47faa7bc74de77bf5729&originationContext=Search%20Result&transitionType=SearchItem&contextData=%28sc.Default%29&VR=3.0&RS=cblt1.0","U.S. v. Wong","https://www.westlaw.com/Document/Ifcbfdeffe8e311e4b4bafa136b480ad2/View/FullText.html?listSource=Search&list=CASE&rank=216&sessionScopeId=4bf52b47ab8a30a0c354223d42e8203fa804931858114e1d1270d4986c81673b&ppcid=e20d53891a2b47faa7bc74de77bf5729&originationContext=Search%20Result&transitionType=SearchItem&contextData=%28sc.Default%29&VR=3.0&RS=cblt1.0","Supreme Court of the United States","April 22, 2015","575 U.S. 402",NA,"135 S.Ct. 1625","13-1074, 13-1075",NA,2015
"50","Cases","Yellow KeyCite","https://www.westlaw.com/Link/RelatedInformation/Flag?docGuid=I2225cfe39bf011d993e6d35cc61aab4a&rank=221&listSource=Search&list=CASE&ppcid=e20d53891a2b47faa7bc74de77bf5729&originationContext=Search%20Result&transitionType=SearchItem&contextData=%28sc.Default%29&VR=3.0&RS=cblt1.0","Atlantic Coast Line R. Co. v. Brotherhood of Locomotive Engineers","https://www.westlaw.com/Document/I2225cfe39bf011d993e6d35cc61aab4a/View/FullText.html?listSource=Search&list=CASE&rank=221&sessionScopeId=4bf52b47ab8a30a0c354223d42e8203fa804931858114e1d1270d4986c81673b&ppcid=e20d53891a2b47faa7bc74de77bf5729&originationContext=Search%20Result&transitionType=SearchItem&contextData=%28sc.Default%29&VR=3.0&RS=cblt1.0","Supreme Court of the United States","June 08, 1970","398 U.S. 281",NA,"90 S.Ct. 1739","477",NA,1970
"51","Cases","","","Federal Trade Commission v. Standard Oil Co.","https://www.westlaw.com/Document/I1d274d569c9711d993e6d35cc61aab4a/View/FullText.html?listSource=Search&list=CASE&rank=223&sessionScopeId=4bf52b47ab8a30a0c354223d42e8203fa804931858114e1d1270d4986c81673b&ppcid=e20d53891a2b47faa7bc74de77bf5729&originationContext=Search%20Result&transitionType=SearchItem&contextData=%28sc.Default%29&VR=3.0&RS=cblt1.0","Supreme Court of the United States","January 27, 1958","355 U.S. 396",NA,"78 S.Ct. 369","24",NA,1958
"52","Cases","Yellow KeyCite","https://www.westlaw.com/Link/RelatedInformation/Flag?docGuid=I36738e4781d911daa20eccddde63d628&rank=224&listSource=Search&list=CASE&ppcid=e20d53891a2b47faa7bc74de77bf5729&originationContext=Search%20Result&transitionType=SearchItem&contextData=%28sc.Default%29&VR=3.0&RS=cblt1.0","Volvo Trucks North America, Inc. v. Reeder-Simco GMC, Inc.","https://www.westlaw.com/Document/I36738e4781d911daa20eccddde63d628/View/FullText.html?listSource=Search&list=CASE&rank=224&sessionScopeId=4bf52b47ab8a30a0c354223d42e8203fa804931858114e1d1270d4986c81673b&ppcid=e20d53891a2b47faa7bc74de77bf5729&originationContext=Search%20Result&transitionType=SearchItem&contextData=%28sc.Default%29&VR=3.0&RS=cblt1.0","Supreme Court of the United States","January 10, 2006","546 U.S. 164",NA,"126 S.Ct. 860","04-905",NA,2006
"53","Cases","Yellow KeyCite","https://www.westlaw.com/Link/RelatedInformation/Flag?docGuid=I3edd14819bf111d991d0cc6b54f12d4d&rank=225&listSource=Search&list=CASE&ppcid=e20d53891a2b47faa7bc74de77bf5729&originationContext=Search%20Result&transitionType=SearchItem&contextData=%28sc.Default%29&VR=3.0&RS=cblt1.0","U.S. v. Green","https://www.westlaw.com/Document/I3edd14819bf111d991d0cc6b54f12d4d/View/FullText.html?listSource=Search&list=CASE&rank=225&sessionScopeId=4bf52b47ab8a30a0c354223d42e8203fa804931858114e1d1270d4986c81673b&ppcid=e20d53891a2b47faa7bc74de77bf5729&originationContext=Search%20Result&transitionType=SearchItem&contextData=%28sc.Default%29&VR=3.0&RS=cblt1.0","Supreme Court of the United States","March 26, 1956","350 U.S. 415",NA,"76 S.Ct. 522","54",NA,1956
"54","Cases","","","Federal Trade Commission v. the American Crayon Company.","https://www.westlaw.com/Document/I033440f89c1611d9bdd1cfdd544ca3a4/View/FullText.html?listSource=Search&list=CASE&rank=233&sessionScopeId=4bf52b47ab8a30a0c354223d42e8203fa804931858114e1d1270d4986c81673b&ppcid=e20d53891a2b47faa7bc74de77bf5729&originationContext=Search%20Result&transitionType=SearchItem&contextData=%28sc.Default%29&VR=3.0&RS=cblt1.0","Supreme Court of the United States","October 08, 1956","352 U.S. 806",NA,"77 S.Ct. 33 (Mem)","95",NA,1956
"55","Cases","Yellow KeyCite","https://www.westlaw.com/Link/RelatedInformation/Flag?docGuid=Ice9f3cb09c9611d993e6d35cc61aab4a&rank=251&listSource=Search&list=CASE&ppcid=e20d53891a2b47faa7bc74de77bf5729&originationContext=Search%20Result&transitionType=SearchItem&contextData=%28sc.Default%29&VR=3.0&RS=cblt1.0","Circuit City Stores, Inc. v. Adams","https://www.westlaw.com/Document/Ice9f3cb09c9611d993e6d35cc61aab4a/View/FullText.html?listSource=Search&list=CASE&rank=251&sessionScopeId=4bf52b47ab8a30a0c354223d42e8203fa804931858114e1d1270d4986c81673b&ppcid=e20d53891a2b47faa7bc74de77bf5729&originationContext=Search%20Result&transitionType=SearchItem&contextData=%28sc.Default%29&VR=3.0&RS=cblt1.0","Supreme Court of the United States","March 21, 2001","532 U.S. 105",NA,"121 S.Ct. 1302","=""99-1379""",NA,2001
"56","Cases","Yellow KeyCite","https://www.westlaw.com/Link/RelatedInformation/Flag?docGuid=Ice0811f8b3fd11e3a341ea44e5e1f25f&rank=253&listSource=Search&list=CASE&ppcid=e20d53891a2b47faa7bc74de77bf5729&originationContext=Search%20Result&transitionType=SearchItem&contextData=%28sc.Default%29&VR=3.0&RS=cblt1.0","Lexmark Intern., Inc. v. Static Control Components, Inc.","https://www.westlaw.com/Document/Ice0811f8b3fd11e3a341ea44e5e1f25f/View/FullText.html?listSource=Search&list=CASE&rank=253&sessionScopeId=4bf52b47ab8a30a0c354223d42e8203fa804931858114e1d1270d4986c81673b&ppcid=e20d53891a2b47faa7bc74de77bf5729&originationContext=Search%20Result&transitionType=SearchItem&contextData=%28sc.Default%29&VR=3.0&RS=cblt1.0","Supreme Court of the United States","March 25, 2014","572 U.S. 118",NA,"134 S.Ct. 1377","12-873",NA,2014
"57","Cases","","","Missouri Portland Cement Co. v. Cargill, Inc.","https://www.westlaw.com/Document/I1d2551889c9711d993e6d35cc61aab4a/View/FullText.html?listSource=Search&list=CASE&rank=254&sessionScopeId=4bf52b47ab8a30a0c354223d42e8203fa804931858114e1d1270d4986c81673b&ppcid=e20d53891a2b47faa7bc74de77bf5729&originationContext=Search%20Result&transitionType=SearchItem&contextData=%28sc.Default%29&VR=3.0&RS=cblt1.0","Supreme Court of the United States","July 25, 1974","418 U.S. 919",NA,"94 S.Ct. 3210","=""73-2014""",NA,1974
"58","Cases","Yellow KeyCite","https://www.westlaw.com/Link/RelatedInformation/Flag?docGuid=I64fd58eb9c9711d9bc61beebb95be672&rank=261&listSource=Search&list=CASE&ppcid=e20d53891a2b47faa7bc74de77bf5729&originationContext=Search%20Result&transitionType=SearchItem&contextData=%28sc.Default%29&VR=3.0&RS=cblt1.0","PacifiCare Health Systems, Inc. v. Book","https://www.westlaw.com/Document/I64fd58eb9c9711d9bc61beebb95be672/View/FullText.html?listSource=Search&list=CASE&rank=261&sessionScopeId=4bf52b47ab8a30a0c354223d42e8203fa804931858114e1d1270d4986c81673b&ppcid=e20d53891a2b47faa7bc74de77bf5729&originationContext=Search%20Result&transitionType=SearchItem&contextData=%28sc.Default%29&VR=3.0&RS=cblt1.0","Supreme Court of the United States","April 07, 2003","538 U.S. 401",NA,"123 S.Ct. 1531","02-215",NA,2003
"59","Cases","Red KeyCite","https://www.westlaw.com/Link/RelatedInformation/Flag?docGuid=I5deff1929c9011d9bc61beebb95be672&rank=269&listSource=Search&list=CASE&ppcid=e20d53891a2b47faa7bc74de77bf5729&originationContext=Search%20Result&transitionType=SearchItem&contextData=%28sc.Default%29&VR=3.0&RS=cblt1.0","Lampf, Pleva, Lipkind, Prupis & Petigrow v. Gilbertson","https://www.westlaw.com/Document/I5deff1929c9011d9bc61beebb95be672/View/FullText.html?listSource=Search&list=CASE&rank=269&sessionScopeId=4bf52b47ab8a30a0c354223d42e8203fa804931858114e1d1270d4986c81673b&ppcid=e20d53891a2b47faa7bc74de77bf5729&originationContext=Search%20Result&transitionType=SearchItem&contextData=%28sc.Default%29&VR=3.0&RS=cblt1.0","Supreme Court of the United States","June 20, 1991","501 U.S. 350",NA,"111 S.Ct. 2773","90-333",NA,1991
"60","Cases","Yellow KeyCite","https://www.westlaw.com/Link/RelatedInformation/Flag?docGuid=I178a77599c1f11d993e6d35cc61aab4a&rank=271&listSource=Search&list=CASE&ppcid=e20d53891a2b47faa7bc74de77bf5729&originationContext=Search%20Result&transitionType=SearchItem&contextData=%28sc.Default%29&VR=3.0&RS=cblt1.0","U.S. v. Barnett","https://www.westlaw.com/Document/I178a77599c1f11d993e6d35cc61aab4a/View/FullText.html?listSource=Search&list=CASE&rank=271&sessionScopeId=4bf52b47ab8a30a0c354223d42e8203fa804931858114e1d1270d4986c81673b&ppcid=e20d53891a2b47faa7bc74de77bf5729&originationContext=Search%20Result&transitionType=SearchItem&contextData=%28sc.Default%29&VR=3.0&RS=cblt1.0","Supreme Court of the United States","April 06, 1964","376 U.S. 681",NA,"84 S.Ct. 984","107",NA,1964
"61","Cases","Yellow KeyCite","https://www.westlaw.com/Link/RelatedInformation/Flag?docGuid=I6b47f0669c2511d9bc61beebb95be672&rank=277&listSource=Search&list=CASE&ppcid=e20d53891a2b47faa7bc74de77bf5729&originationContext=Search%20Result&transitionType=SearchItem&contextData=%28sc.Default%29&VR=3.0&RS=cblt1.0","Alyeska Pipeline Service Co. v. Wilderness Society","https://www.westlaw.com/Document/I6b47f0669c2511d9bc61beebb95be672/View/FullText.html?listSource=Search&list=CASE&rank=277&sessionScopeId=4bf52b47ab8a30a0c354223d42e8203fa804931858114e1d1270d4986c81673b&ppcid=e20d53891a2b47faa7bc74de77bf5729&originationContext=Search%20Result&transitionType=SearchItem&contextData=%28sc.Default%29&VR=3.0&RS=cblt1.0","Supreme Court of the United States","May 12, 1975","421 U.S. 240",NA,"95 S.Ct. 1612","=""73-1977""",NA,1975
"62","Cases","Red KeyCite","https://www.westlaw.com/Link/RelatedInformation/Flag?docGuid=I318bf88e9c2511d9bdd1cfdd544ca3a4&rank=279&listSource=Search&list=CASE&ppcid=e20d53891a2b47faa7bc74de77bf5729&originationContext=Search%20Result&transitionType=SearchItem&contextData=%28sc.Default%29&VR=3.0&RS=cblt1.0","I.N.S. v. St. Cyr","https://www.westlaw.com/Document/I318bf88e9c2511d9bdd1cfdd544ca3a4/View/FullText.html?listSource=Search&list=CASE&rank=279&sessionScopeId=4bf52b47ab8a30a0c354223d42e8203fa804931858114e1d1270d4986c81673b&ppcid=e20d53891a2b47faa7bc74de77bf5729&originationContext=Search%20Result&transitionType=SearchItem&contextData=%28sc.Default%29&VR=3.0&RS=cblt1.0","Supreme Court of the United States","June 25, 2001","533 U.S. 289",NA,"121 S.Ct. 2271","00-767",NA,2001
"63","Cases","Yellow KeyCite","https://www.westlaw.com/Link/RelatedInformation/Flag?docGuid=Icea186af9c9611d993e6d35cc61aab4a&rank=280&listSource=Search&list=CASE&ppcid=e20d53891a2b47faa7bc74de77bf5729&originationContext=Search%20Result&transitionType=SearchItem&contextData=%28sc.Default%29&VR=3.0&RS=cblt1.0","F.T.C. v. Flotill Products, Inc.","https://www.westlaw.com/Document/Icea186af9c9611d993e6d35cc61aab4a/View/FullText.html?listSource=Search&list=CASE&rank=280&sessionScopeId=4bf52b47ab8a30a0c354223d42e8203fa804931858114e1d1270d4986c81673b&ppcid=e20d53891a2b47faa7bc74de77bf5729&originationContext=Search%20Result&transitionType=SearchItem&contextData=%28sc.Default%29&VR=3.0&RS=cblt1.0","Supreme Court of the United States","December 04, 1967","389 U.S. 179",NA,"88 S.Ct. 401","20",NA,1967
"64","Cases","Yellow KeyCite","https://www.westlaw.com/Link/RelatedInformation/Flag?docGuid=I6b2218e89c2511d9bc61beebb95be672&rank=285&listSource=Search&list=CASE&ppcid=e20d53891a2b47faa7bc74de77bf5729&originationContext=Search%20Result&transitionType=SearchItem&contextData=%28sc.Default%29&VR=3.0&RS=cblt1.0","Lexecon Inc. v. Milberg Weiss Bershad Hynes & Lerach","https://www.westlaw.com/Document/I6b2218e89c2511d9bc61beebb95be672/View/FullText.html?listSource=Search&list=CASE&rank=285&sessionScopeId=4bf52b47ab8a30a0c354223d42e8203fa804931858114e1d1270d4986c81673b&ppcid=e20d53891a2b47faa7bc74de77bf5729&originationContext=Search%20Result&transitionType=SearchItem&contextData=%28sc.Default%29&VR=3.0&RS=cblt1.0","Supreme Court of the United States","March 03, 1998","523 U.S. 26",NA,"118 S.Ct. 956","=""96-1482""",NA,1998
"65","Cases","Yellow KeyCite","https://www.westlaw.com/Link/RelatedInformation/Flag?docGuid=I61802e939c1f11d9bc61beebb95be672&rank=288&listSource=Search&list=CASE&ppcid=e20d53891a2b47faa7bc74de77bf5729&originationContext=Search%20Result&transitionType=SearchItem&contextData=%28sc.Default%29&VR=3.0&RS=cblt1.0","N.L.R.B. v. City Disposal Systems Inc.","https://www.westlaw.com/Document/I61802e939c1f11d9bc61beebb95be672/View/FullText.html?listSource=Search&list=CASE&rank=288&sessionScopeId=4bf52b47ab8a30a0c354223d42e8203fa804931858114e1d1270d4986c81673b&ppcid=e20d53891a2b47faa7bc74de77bf5729&originationContext=Search%20Result&transitionType=SearchItem&contextData=%28sc.Default%29&VR=3.0&RS=cblt1.0","Supreme Court of the United States","March 21, 1984","465 U.S. 822",NA,"104 S.Ct. 1505","82-960",NA,1984
"66","Cases","Yellow KeyCite","https://www.westlaw.com/Link/RelatedInformation/Flag?docGuid=I6b1ff6109c2511d9bc61beebb95be672&rank=290&listSource=Search&list=CASE&ppcid=e20d53891a2b47faa7bc74de77bf5729&originationContext=Search%20Result&transitionType=SearchItem&contextData=%28sc.Default%29&VR=3.0&RS=cblt1.0","Stewart v. Martinez-Villareal","https://www.westlaw.com/Document/I6b1ff6109c2511d9bc61beebb95be672/View/FullText.html?listSource=Search&list=CASE&rank=290&sessionScopeId=4bf52b47ab8a30a0c354223d42e8203fa804931858114e1d1270d4986c81673b&ppcid=e20d53891a2b47faa7bc74de77bf5729&originationContext=Search%20Result&transitionType=SearchItem&contextData=%28sc.Default%29&VR=3.0&RS=cblt1.0","Supreme Court of the United States","May 18, 1998","523 U.S. 637",NA,"118 S.Ct. 1618","97-300",NA,1998
"67","Cases","Yellow KeyCite","https://www.westlaw.com/Link/RelatedInformation/Flag?docGuid=I027c218d9c4b11d991d0cc6b54f12d4d&rank=292&listSource=Search&list=CASE&ppcid=e20d53891a2b47faa7bc74de77bf5729&originationContext=Search%20Result&transitionType=SearchItem&contextData=%28sc.Default%29&VR=3.0&RS=cblt1.0","U.S. v. Robertson","https://www.westlaw.com/Document/I027c218d9c4b11d991d0cc6b54f12d4d/View/FullText.html?listSource=Search&list=CASE&rank=292&sessionScopeId=4bf52b47ab8a30a0c354223d42e8203fa804931858114e1d1270d4986c81673b&ppcid=e20d53891a2b47faa7bc74de77bf5729&originationContext=Search%20Result&transitionType=SearchItem&contextData=%28sc.Default%29&VR=3.0&RS=cblt1.0","Supreme Court of the United States","May 01, 1995","514 U.S. 669",NA,"115 S.Ct. 1732","94-251",NA,1995
"68","Cases","Yellow KeyCite","https://www.westlaw.com/Link/RelatedInformation/Flag?docGuid=Id8ed7bca9c1c11d993e6d35cc61aab4a&rank=295&listSource=Search&list=CASE&ppcid=e20d53891a2b47faa7bc74de77bf5729&originationContext=Search%20Result&transitionType=SearchItem&contextData=%28sc.Default%29&VR=3.0&RS=cblt1.0","Bloom v. State of Ill.","https://www.westlaw.com/Document/Id8ed7bca9c1c11d993e6d35cc61aab4a/View/FullText.html?listSource=Search&list=CASE&rank=295&sessionScopeId=4bf52b47ab8a30a0c354223d42e8203fa804931858114e1d1270d4986c81673b&ppcid=e20d53891a2b47faa7bc74de77bf5729&originationContext=Search%20Result&transitionType=SearchItem&contextData=%28sc.Default%29&VR=3.0&RS=cblt1.0","Supreme Court of the United States","May 20, 1968","391 U.S. 194",NA,"88 S.Ct. 1477","52",NA,1968
"69","Cases","Yellow KeyCite","https://www.westlaw.com/Link/RelatedInformation/Flag?docGuid=I6506599d9c9711d9bc61beebb95be672&rank=301&listSource=Search&list=CASE&ppcid=e20d53891a2b47faa7bc74de77bf5729&originationContext=Search%20Result&transitionType=SearchItem&contextData=%28sc.Default%29&VR=3.0&RS=cblt1.0","Granny Goose Foods, Inc. v. Brotherhood of Teamsters and Auto Truck Drivers Local No. 70 of Alameda County","https://www.westlaw.com/Document/I6506599d9c9711d9bc61beebb95be672/View/FullText.html?listSource=Search&list=CASE&rank=301&sessionScopeId=4bf52b47ab8a30a0c354223d42e8203fa804931858114e1d1270d4986c81673b&ppcid=e20d53891a2b47faa7bc74de77bf5729&originationContext=Search%20Result&transitionType=SearchItem&contextData=%28sc.Default%29&VR=3.0&RS=cblt1.0","Supreme Court of the United States","March 04, 1974","415 U.S. 423",NA,"94 S.Ct. 1113","=""72-1566""",NA,1974
"70","Cases","Yellow KeyCite","https://www.westlaw.com/Link/RelatedInformation/Flag?docGuid=I650680a39c9711d9bc61beebb95be672&rank=302&listSource=Search&list=CASE&ppcid=e20d53891a2b47faa7bc74de77bf5729&originationContext=Search%20Result&transitionType=SearchItem&contextData=%28sc.Default%29&VR=3.0&RS=cblt1.0","Sampson v. Murray","https://www.westlaw.com/Document/I650680a39c9711d9bc61beebb95be672/View/FullText.html?listSource=Search&list=CASE&rank=302&sessionScopeId=4bf52b47ab8a30a0c354223d42e8203fa804931858114e1d1270d4986c81673b&ppcid=e20d53891a2b47faa7bc74de77bf5729&originationContext=Search%20Result&transitionType=SearchItem&contextData=%28sc.Default%29&VR=3.0&RS=cblt1.0","Supreme Court of the United States","February 19, 1974","415 U.S. 61",NA,"94 S.Ct. 937","72-403",NA,1974
"71","Cases","Yellow KeyCite","https://www.westlaw.com/Link/RelatedInformation/Flag?docGuid=Id39172029be911d993e6d35cc61aab4a&rank=308&listSource=Search&list=CASE&ppcid=e20d53891a2b47faa7bc74de77bf5729&originationContext=Search%20Result&transitionType=SearchItem&contextData=%28sc.Default%29&VR=3.0&RS=cblt1.0","Fleischmann Distilling Corp. v. Maier Brewing Co.","https://www.westlaw.com/Document/Id39172029be911d993e6d35cc61aab4a/View/FullText.html?listSource=Search&list=CASE&rank=308&sessionScopeId=4bf52b47ab8a30a0c354223d42e8203fa804931858114e1d1270d4986c81673b&ppcid=e20d53891a2b47faa7bc74de77bf5729&originationContext=Search%20Result&transitionType=SearchItem&contextData=%28sc.Default%29&VR=3.0&RS=cblt1.0","Supreme Court of the United States","May 08, 1967","386 U.S. 714",NA,"87 S.Ct. 1404","214",NA,1967
"72","Cases","","","United Steelworkers of America v. U.S.","https://www.westlaw.com/Document/If37b1eed9bf711d993e6d35cc61aab4a/View/FullText.html?listSource=Search&list=CASE&rank=309&sessionScopeId=4bf52b47ab8a30a0c354223d42e8203fa804931858114e1d1270d4986c81673b&ppcid=e20d53891a2b47faa7bc74de77bf5729&originationContext=Search%20Result&transitionType=SearchItem&contextData=%28sc.Default%29&VR=3.0&RS=cblt1.0","Supreme Court of the United States","December 07, 1959","361 U.S. 392",NA,"80 S.Ct. 177 (Mem)","504",NA,1959
"73","Cases","Yellow KeyCite","https://www.westlaw.com/Link/RelatedInformation/Flag?docGuid=I177a71c89c1f11d993e6d35cc61aab4a&rank=311&listSource=Search&list=CASE&ppcid=e20d53891a2b47faa7bc74de77bf5729&originationContext=Search%20Result&transitionType=SearchItem&contextData=%28sc.Default%29&VR=3.0&RS=cblt1.0","International Longshoremen's Ass'n, Local 1291 v. Philadelphia Marine Trade Ass'n","https://www.westlaw.com/Document/I177a71c89c1f11d993e6d35cc61aab4a/View/FullText.html?listSource=Search&list=CASE&rank=311&sessionScopeId=4bf52b47ab8a30a0c354223d42e8203fa804931858114e1d1270d4986c81673b&ppcid=e20d53891a2b47faa7bc74de77bf5729&originationContext=Search%20Result&transitionType=SearchItem&contextData=%28sc.Default%29&VR=3.0&RS=cblt1.0","Supreme Court of the United States","November 06, 1967","389 U.S. 64",NA,"88 S.Ct. 201","34, 78",NA,1967
"74","Cases","Yellow KeyCite","https://www.westlaw.com/Link/RelatedInformation/Flag?docGuid=I3196cdf19c2511d9bdd1cfdd544ca3a4&rank=317&listSource=Search&list=CASE&ppcid=e20d53891a2b47faa7bc74de77bf5729&originationContext=Search%20Result&transitionType=SearchItem&contextData=%28sc.Default%29&VR=3.0&RS=cblt1.0","Norfolk & W. Ry. Co. v. Liepelt","https://www.westlaw.com/Document/I3196cdf19c2511d9bdd1cfdd544ca3a4/View/FullText.html?listSource=Search&list=CASE&rank=317&sessionScopeId=4bf52b47ab8a30a0c354223d42e8203fa804931858114e1d1270d4986c81673b&ppcid=e20d53891a2b47faa7bc74de77bf5729&originationContext=Search%20Result&transitionType=SearchItem&contextData=%28sc.Default%29&VR=3.0&RS=cblt1.0","Supreme Court of the United States","February 19, 1980","444 U.S. 490",NA,"100 S.Ct. 755","=""78-1323""",NA,1980
"75","Cases","Yellow KeyCite","https://www.westlaw.com/Link/RelatedInformation/Flag?docGuid=I1791552b9c1f11d993e6d35cc61aab4a&rank=319&listSource=Search&list=CASE&ppcid=e20d53891a2b47faa7bc74de77bf5729&originationContext=Search%20Result&transitionType=SearchItem&contextData=%28sc.Default%29&VR=3.0&RS=cblt1.0","Christiansburg Garment Co. v. Equal Employment Opportunity Commission","https://www.westlaw.com/Document/I1791552b9c1f11d993e6d35cc61aab4a/View/FullText.html?listSource=Search&list=CASE&rank=319&sessionScopeId=4bf52b47ab8a30a0c354223d42e8203fa804931858114e1d1270d4986c81673b&ppcid=e20d53891a2b47faa7bc74de77bf5729&originationContext=Search%20Result&transitionType=SearchItem&contextData=%28sc.Default%29&VR=3.0&RS=cblt1.0","Supreme Court of the United States","January 23, 1978","434 U.S. 412",NA,"98 S.Ct. 694","=""76-1383""",NA,1978
"76","Cases","Yellow KeyCite","https://www.westlaw.com/Link/RelatedInformation/Flag?docGuid=Ia48ce3ce9c4a11d991d0cc6b54f12d4d&rank=322&listSource=Search&list=CASE&ppcid=e20d53891a2b47faa7bc74de77bf5729&originationContext=Search%20Result&transitionType=SearchItem&contextData=%28sc.Default%29&VR=3.0&RS=cblt1.0","North Star Steel Co. v. Thomas","https://www.westlaw.com/Document/Ia48ce3ce9c4a11d991d0cc6b54f12d4d/View/FullText.html?listSource=Search&list=CASE&rank=322&sessionScopeId=4bf52b47ab8a30a0c354223d42e8203fa804931858114e1d1270d4986c81673b&ppcid=e20d53891a2b47faa7bc74de77bf5729&originationContext=Search%20Result&transitionType=SearchItem&contextData=%28sc.Default%29&VR=3.0&RS=cblt1.0","Supreme Court of the United States","May 30, 1995","515 U.S. 29",NA,"115 S.Ct. 1927","94-834, 94-835",NA,1995
"77","Cases","Yellow KeyCite","https://www.westlaw.com/Link/RelatedInformation/Flag?docGuid=I64e739449c1d11d9bc61beebb95be672&rank=326&listSource=Search&list=CASE&ppcid=e20d53891a2b47faa7bc74de77bf5729&originationContext=Search%20Result&transitionType=SearchItem&contextData=%28sc.Default%29&VR=3.0&RS=cblt1.0","American Farm Lines v. Black Ball Freight Service","https://www.westlaw.com/Document/I64e739449c1d11d9bc61beebb95be672/View/FullText.html?listSource=Search&list=CASE&rank=326&sessionScopeId=4bf52b47ab8a30a0c354223d42e8203fa804931858114e1d1270d4986c81673b&ppcid=e20d53891a2b47faa7bc74de77bf5729&originationContext=Search%20Result&transitionType=SearchItem&contextData=%28sc.Default%29&VR=3.0&RS=cblt1.0","Supreme Court of the United States","April 20, 1970","397 U.S. 532",NA,"90 S.Ct. 1288","369, 382",NA,1970
"78","Cases","Yellow KeyCite","https://www.westlaw.com/Link/RelatedInformation/Flag?docGuid=I615f60289c1f11d9bc61beebb95be672&rank=327&listSource=Search&list=CASE&ppcid=e20d53891a2b47faa7bc74de77bf5729&originationContext=Search%20Result&transitionType=SearchItem&contextData=%28sc.Default%29&VR=3.0&RS=cblt1.0","Hall v. Cole","https://www.westlaw.com/Document/I615f60289c1f11d9bc61beebb95be672/View/FullText.html?listSource=Search&list=CASE&rank=327&sessionScopeId=4bf52b47ab8a30a0c354223d42e8203fa804931858114e1d1270d4986c81673b&ppcid=e20d53891a2b47faa7bc74de77bf5729&originationContext=Search%20Result&transitionType=SearchItem&contextData=%28sc.Default%29&VR=3.0&RS=cblt1.0","Supreme Court of the United States","May 21, 1973","412 U.S. 1",NA,"93 S.Ct. 1943","72-630",NA,1973
"79","Cases","Yellow KeyCite","https://www.westlaw.com/Link/RelatedInformation/Flag?docGuid=Idb7d94609c4f11d993e6d35cc61aab4a&rank=331&listSource=Search&list=CASE&ppcid=e20d53891a2b47faa7bc74de77bf5729&originationContext=Search%20Result&transitionType=SearchItem&contextData=%28sc.Default%29&VR=3.0&RS=cblt1.0","Key Tronic Corp. v. U.S.","https://www.westlaw.com/Document/Idb7d94609c4f11d993e6d35cc61aab4a/View/FullText.html?listSource=Search&list=CASE&rank=331&sessionScopeId=4bf52b47ab8a30a0c354223d42e8203fa804931858114e1d1270d4986c81673b&ppcid=e20d53891a2b47faa7bc74de77bf5729&originationContext=Search%20Result&transitionType=SearchItem&contextData=%28sc.Default%29&VR=3.0&RS=cblt1.0","Supreme Court of the United States","June 06, 1994","511 U.S. 809",NA,"114 S.Ct. 1960","93-376",NA,1994
"80","Cases","Yellow KeyCite","https://www.westlaw.com/Link/RelatedInformation/Flag?docGuid=I5df4ac829c9011d9bc61beebb95be672&rank=333&listSource=Search&list=CASE&ppcid=e20d53891a2b47faa7bc74de77bf5729&originationContext=Search%20Result&transitionType=SearchItem&contextData=%28sc.Default%29&VR=3.0&RS=cblt1.0","Norfolk and Western Ry. Co. v. American Train Dispatchers Ass'n","https://www.westlaw.com/Document/I5df4ac829c9011d9bc61beebb95be672/View/FullText.html?listSource=Search&list=CASE&rank=333&sessionScopeId=4bf52b47ab8a30a0c354223d42e8203fa804931858114e1d1270d4986c81673b&ppcid=e20d53891a2b47faa7bc74de77bf5729&originationContext=Search%20Result&transitionType=SearchItem&contextData=%28sc.Default%29&VR=3.0&RS=cblt1.0","Supreme Court of the United States","March 19, 1991","499 U.S. 117",NA,"111 S.Ct. 1156","89-1027, 89-1028",NA,1991
"81","Cases","Yellow KeyCite","https://www.westlaw.com/Link/RelatedInformation/Flag?docGuid=If5bdb4bc9c1f11d9bdd1cfdd544ca3a4&rank=337&listSource=Search&list=CASE&ppcid=e20d53891a2b47faa7bc74de77bf5729&originationContext=Search%20Result&transitionType=SearchItem&contextData=%28sc.Default%29&VR=3.0&RS=cblt1.0","Independent Federation of Flight Attendants v. Zipes","https://www.westlaw.com/Document/If5bdb4bc9c1f11d9bdd1cfdd544ca3a4/View/FullText.html?listSource=Search&list=CASE&rank=337&sessionScopeId=4bf52b47ab8a30a0c354223d42e8203fa804931858114e1d1270d4986c81673b&ppcid=e20d53891a2b47faa7bc74de77bf5729&originationContext=Search%20Result&transitionType=SearchItem&contextData=%28sc.Default%29&VR=3.0&RS=cblt1.0","Supreme Court of the United States","June 22, 1989","491 U.S. 754",NA,"109 S.Ct. 2732","88-608",NA,1989
"82","Cases","Yellow KeyCite","https://www.westlaw.com/Link/RelatedInformation/Flag?docGuid=I0a4795229bf011d991d0cc6b54f12d4d&rank=338&listSource=Search&list=CASE&ppcid=e20d53891a2b47faa7bc74de77bf5729&originationContext=Search%20Result&transitionType=SearchItem&contextData=%28sc.Default%29&VR=3.0&RS=cblt1.0","U.S. v. Enmons","https://www.westlaw.com/Document/I0a4795229bf011d991d0cc6b54f12d4d/View/FullText.html?listSource=Search&list=CASE&rank=338&sessionScopeId=4bf52b47ab8a30a0c354223d42e8203fa804931858114e1d1270d4986c81673b&ppcid=e20d53891a2b47faa7bc74de77bf5729&originationContext=Search%20Result&transitionType=SearchItem&contextData=%28sc.Default%29&VR=3.0&RS=cblt1.0","Supreme Court of the United States","February 22, 1973","410 U.S. 396",NA,"93 S.Ct. 1007","=""71-1193""",NA,1973
"83","Cases","Yellow KeyCite","https://www.westlaw.com/Link/RelatedInformation/Flag?docGuid=I177eb7889c1f11d993e6d35cc61aab4a&rank=345&listSource=Search&list=CASE&ppcid=e20d53891a2b47faa7bc74de77bf5729&originationContext=Search%20Result&transitionType=SearchItem&contextData=%28sc.Default%29&VR=3.0&RS=cblt1.0","State of Cal. v. Taylor","https://www.westlaw.com/Document/I177eb7889c1f11d993e6d35cc61aab4a/View/FullText.html?listSource=Search&list=CASE&rank=345&sessionScopeId=4bf52b47ab8a30a0c354223d42e8203fa804931858114e1d1270d4986c81673b&ppcid=e20d53891a2b47faa7bc74de77bf5729&originationContext=Search%20Result&transitionType=SearchItem&contextData=%28sc.Default%29&VR=3.0&RS=cblt1.0","Supreme Court of the United States","June 03, 1957","353 U.S. 553",NA,"77 S.Ct. 1037","385",NA,1957
"84","Cases","Yellow KeyCite","https://www.westlaw.com/Link/RelatedInformation/Flag?docGuid=I6167ebae9c1f11d9bc61beebb95be672&rank=350&listSource=Search&list=CASE&ppcid=e20d53891a2b47faa7bc74de77bf5729&originationContext=Search%20Result&transitionType=SearchItem&contextData=%28sc.Default%29&VR=3.0&RS=cblt1.0","Burnett v. New York Cent. R. Co.","https://www.westlaw.com/Document/I6167ebae9c1f11d9bc61beebb95be672/View/FullText.html?listSource=Search&list=CASE&rank=350&sessionScopeId=4bf52b47ab8a30a0c354223d42e8203fa804931858114e1d1270d4986c81673b&ppcid=e20d53891a2b47faa7bc74de77bf5729&originationContext=Search%20Result&transitionType=SearchItem&contextData=%28sc.Default%29&VR=3.0&RS=cblt1.0","Supreme Court of the United States","April 05, 1965","380 U.S. 424",NA,"5 Ohio Misc. 197","437",NA,1965
"85","Cases","Yellow KeyCite","https://www.westlaw.com/Link/RelatedInformation/Flag?docGuid=Ia09954029c9a11d993e6d35cc61aab4a&rank=351&listSource=Search&list=CASE&ppcid=e20d53891a2b47faa7bc74de77bf5729&originationContext=Search%20Result&transitionType=SearchItem&contextData=%28sc.Default%29&VR=3.0&RS=cblt1.0","Hudson v. McMillian","https://www.westlaw.com/Document/Ia09954029c9a11d993e6d35cc61aab4a/View/FullText.html?listSource=Search&list=CASE&rank=351&sessionScopeId=4bf52b47ab8a30a0c354223d42e8203fa804931858114e1d1270d4986c81673b&ppcid=e20d53891a2b47faa7bc74de77bf5729&originationContext=Search%20Result&transitionType=SearchItem&contextData=%28sc.Default%29&VR=3.0&RS=cblt1.0","Supreme Court of the United States","February 25, 1992","503 U.S. 1",NA,"112 S.Ct. 995","=""90-6531""",NA,1992
"86","Cases","Red KeyCite","https://www.westlaw.com/Link/RelatedInformation/Flag?docGuid=I650066259c9711d9bc61beebb95be672&rank=353&listSource=Search&list=CASE&ppcid=e20d53891a2b47faa7bc74de77bf5729&originationContext=Search%20Result&transitionType=SearchItem&contextData=%28sc.Default%29&VR=3.0&RS=cblt1.0","Wards Cove Packing Co., Inc. v. Atonio","https://www.westlaw.com/Document/I650066259c9711d9bc61beebb95be672/View/FullText.html?listSource=Search&list=CASE&rank=353&sessionScopeId=4bf52b47ab8a30a0c354223d42e8203fa804931858114e1d1270d4986c81673b&ppcid=e20d53891a2b47faa7bc74de77bf5729&originationContext=Search%20Result&transitionType=SearchItem&contextData=%28sc.Default%29&VR=3.0&RS=cblt1.0","Supreme Court of the United States","June 05, 1989","490 U.S. 642",NA,"109 S.Ct. 2115","=""87-1387""",NA,1989
"87","Cases","Yellow KeyCite","https://www.westlaw.com/Link/RelatedInformation/Flag?docGuid=Ice9d19da9c9611d993e6d35cc61aab4a&rank=359&listSource=Search&list=CASE&ppcid=e20d53891a2b47faa7bc74de77bf5729&originationContext=Search%20Result&transitionType=SearchItem&contextData=%28sc.Default%29&VR=3.0&RS=cblt1.0","Abbott Laboratories v. Portland Retail Druggists Ass'n, Inc.","https://www.westlaw.com/Document/Ice9d19da9c9611d993e6d35cc61aab4a/View/FullText.html?listSource=Search&list=CASE&rank=359&sessionScopeId=4bf52b47ab8a30a0c354223d42e8203fa804931858114e1d1270d4986c81673b&ppcid=e20d53891a2b47faa7bc74de77bf5729&originationContext=Search%20Result&transitionType=SearchItem&contextData=%28sc.Default%29&VR=3.0&RS=cblt1.0","Supreme Court of the United States","March 24, 1976","425 U.S. 1",NA,"96 S.Ct. 1305","=""74-1274""",NA,1976
"88","Cases","Yellow KeyCite","https://www.westlaw.com/Link/RelatedInformation/Flag?docGuid=I6167c49e9c1f11d9bc61beebb95be672&rank=360&listSource=Search&list=CASE&ppcid=e20d53891a2b47faa7bc74de77bf5729&originationContext=Search%20Result&transitionType=SearchItem&contextData=%28sc.Default%29&VR=3.0&RS=cblt1.0","U.S. v. Brown","https://www.westlaw.com/Document/I6167c49e9c1f11d9bc61beebb95be672/View/FullText.html?listSource=Search&list=CASE&rank=360&sessionScopeId=4bf52b47ab8a30a0c354223d42e8203fa804931858114e1d1270d4986c81673b&ppcid=e20d53891a2b47faa7bc74de77bf5729&originationContext=Search%20Result&transitionType=SearchItem&contextData=%28sc.Default%29&VR=3.0&RS=cblt1.0","Supreme Court of the United States","June 07, 1965","381 U.S. 437",NA,"85 S.Ct. 1707","399",NA,1965
"89","Cases","Yellow KeyCite","https://www.westlaw.com/Link/RelatedInformation/Flag?docGuid=Id8e6ec1c9c1c11d993e6d35cc61aab4a&rank=361&listSource=Search&list=CASE&ppcid=e20d53891a2b47faa7bc74de77bf5729&originationContext=Search%20Result&transitionType=SearchItem&contextData=%28sc.Default%29&VR=3.0&RS=cblt1.0","Michigan Canners and Freezers Ass'n, Inc. v. Agricultural Marketing and Bargaining Bd.","https://www.westlaw.com/Document/Id8e6ec1c9c1c11d993e6d35cc61aab4a/View/FullText.html?listSource=Search&list=CASE&rank=361&sessionScopeId=4bf52b47ab8a30a0c354223d42e8203fa804931858114e1d1270d4986c81673b&ppcid=e20d53891a2b47faa7bc74de77bf5729&originationContext=Search%20Result&transitionType=SearchItem&contextData=%28sc.Default%29&VR=3.0&RS=cblt1.0","Supreme Court of the United States","June 11, 1984","467 U.S. 461",NA,"104 S.Ct. 2518","=""82-1577""",NA,1984
"90","Cases","Yellow KeyCite","https://www.westlaw.com/Link/RelatedInformation/Flag?docGuid=Iecd52c323b8811e1aa95d4e04082c730&rank=362&listSource=Search&list=CASE&ppcid=e20d53891a2b47faa7bc74de77bf5729&originationContext=Search%20Result&transitionType=SearchItem&contextData=%28sc.Default%29&VR=3.0&RS=cblt1.0","CompuCredit Corp. v. Greenwood","https://www.westlaw.com/Document/Iecd52c323b8811e1aa95d4e04082c730/View/FullText.html?listSource=Search&list=CASE&rank=362&sessionScopeId=4bf52b47ab8a30a0c354223d42e8203fa804931858114e1d1270d4986c81673b&ppcid=e20d53891a2b47faa7bc74de77bf5729&originationContext=Search%20Result&transitionType=SearchItem&contextData=%28sc.Default%29&VR=3.0&RS=cblt1.0","Supreme Court of the United States","January 10, 2012","565 U.S. 95",NA,"132 S.Ct. 665","10-948",NA,2012
"91","Cases","","","Nestl USA, Inc. v. Doe","https://www.westlaw.com/Document/Ib1b12d82cf3b11ebaa829251c41d9359/View/FullText.html?listSource=Search&list=CASE&rank=363&sessionScopeId=4bf52b47ab8a30a0c354223d42e8203fa804931858114e1d1270d4986c81673b&ppcid=e20d53891a2b47faa7bc74de77bf5729&originationContext=Search%20Result&transitionType=SearchItem&contextData=%28sc.Default%29&VR=3.0&RS=cblt1.0","Supreme Court of the United States.","June 17, 2021","141 S.Ct. 1931",NA,"2021 WL 2459254","19-416, 19-453",NA,2021
"92","Cases","Yellow KeyCite","https://www.westlaw.com/Link/RelatedInformation/Flag?docGuid=I242dd64c3c6611e1bd928e1973ff4e60&rank=365&listSource=Search&list=CASE&ppcid=e20d53891a2b47faa7bc74de77bf5729&originationContext=Search%20Result&transitionType=SearchItem&contextData=%28sc.Default%29&VR=3.0&RS=cblt1.0","Pacific Operators Offshore, LLP v. Valladolid","https://www.westlaw.com/Document/I242dd64c3c6611e1bd928e1973ff4e60/View/FullText.html?listSource=Search&list=CASE&rank=365&sessionScopeId=4bf52b47ab8a30a0c354223d42e8203fa804931858114e1d1270d4986c81673b&ppcid=e20d53891a2b47faa7bc74de77bf5729&originationContext=Search%20Result&transitionType=SearchItem&contextData=%28sc.Default%29&VR=3.0&RS=cblt1.0","Supreme Court of the United States","January 11, 2012","565 U.S. 207",NA,"132 S.Ct. 680","10-507",NA,2012
"93","Cases","Yellow KeyCite","https://www.westlaw.com/Link/RelatedInformation/Flag?docGuid=Id4bb9c739c1d11d991d0cc6b54f12d4d&rank=366&listSource=Search&list=CASE&ppcid=e20d53891a2b47faa7bc74de77bf5729&originationContext=Search%20Result&transitionType=SearchItem&contextData=%28sc.Default%29&VR=3.0&RS=cblt1.0","Hathorn v. Lovorn","https://www.westlaw.com/Document/Id4bb9c739c1d11d991d0cc6b54f12d4d/View/FullText.html?listSource=Search&list=CASE&rank=366&sessionScopeId=4bf52b47ab8a30a0c354223d42e8203fa804931858114e1d1270d4986c81673b&ppcid=e20d53891a2b47faa7bc74de77bf5729&originationContext=Search%20Result&transitionType=SearchItem&contextData=%28sc.Default%29&VR=3.0&RS=cblt1.0","Supreme Court of the United States","June 15, 1982","457 U.S. 255",NA,"102 S.Ct. 2421","81-451",NA,1982
"94","Cases","Yellow KeyCite","https://www.westlaw.com/Link/RelatedInformation/Flag?docGuid=I3185de089c2511d9bdd1cfdd544ca3a4&rank=367&listSource=Search&list=CASE&ppcid=e20d53891a2b47faa7bc74de77bf5729&originationContext=Search%20Result&transitionType=SearchItem&contextData=%28sc.Default%29&VR=3.0&RS=cblt1.0","National R.R. Passenger Corp. v. Morgan","https://www.westlaw.com/Document/I3185de089c2511d9bdd1cfdd544ca3a4/View/FullText.html?listSource=Search&list=CASE&rank=367&sessionScopeId=4bf52b47ab8a30a0c354223d42e8203fa804931858114e1d1270d4986c81673b&ppcid=e20d53891a2b47faa7bc74de77bf5729&originationContext=Search%20Result&transitionType=SearchItem&contextData=%28sc.Default%29&VR=3.0&RS=cblt1.0","Supreme Court of the United States","June 10, 2002","536 U.S. 101",NA,"122 S.Ct. 2061","=""00-1614""",NA,2002
"95","Cases","Yellow KeyCite","https://www.westlaw.com/Link/RelatedInformation/Flag?docGuid=I2372ac5d9c1e11d9bdd1cfdd544ca3a4&rank=370&listSource=Search&list=CASE&ppcid=e20d53891a2b47faa7bc74de77bf5729&originationContext=Search%20Result&transitionType=SearchItem&contextData=%28sc.Default%29&VR=3.0&RS=cblt1.0","Ruckelshaus v. Sierra Club","https://www.westlaw.com/Document/I2372ac5d9c1e11d9bdd1cfdd544ca3a4/View/FullText.html?listSource=Search&list=CASE&rank=370&sessionScopeId=4bf52b47ab8a30a0c354223d42e8203fa804931858114e1d1270d4986c81673b&ppcid=e20d53891a2b47faa7bc74de77bf5729&originationContext=Search%20Result&transitionType=SearchItem&contextData=%28sc.Default%29&VR=3.0&RS=cblt1.0","Supreme Court of the United States","July 01, 1983","463 U.S. 680",NA,"103 S.Ct. 3274","82-242",NA,1983
"96","Cases","Yellow KeyCite","https://www.westlaw.com/Link/RelatedInformation/Flag?docGuid=I1b7737e2450511e7b92bf4314c15140f&rank=371&listSource=Search&list=CASE&ppcid=e20d53891a2b47faa7bc74de77bf5729&originationContext=Search%20Result&transitionType=SearchItem&contextData=%28sc.Default%29&VR=3.0&RS=cblt1.0","BNSF Ry. Co. v. Tyrrell","https://www.westlaw.com/Document/I1b7737e2450511e7b92bf4314c15140f/View/FullText.html?listSource=Search&list=CASE&rank=371&sessionScopeId=4bf52b47ab8a30a0c354223d42e8203fa804931858114e1d1270d4986c81673b&ppcid=e20d53891a2b47faa7bc74de77bf5729&originationContext=Search%20Result&transitionType=SearchItem&contextData=%28sc.Default%29&VR=3.0&RS=cblt1.0","Supreme Court of the United States","May 30, 2017","137 S.Ct. 1549",NA,"2017 WL 2322834","16-405",NA,2017
"97","Cases","Yellow KeyCite","https://www.westlaw.com/Link/RelatedInformation/Flag?docGuid=Iabb308df9d7011e0a8a2938374af9660&rank=372&listSource=Search&list=CASE&ppcid=e20d53891a2b47faa7bc74de77bf5729&originationContext=Search%20Result&transitionType=SearchItem&contextData=%28sc.Default%29&VR=3.0&RS=cblt1.0","CSX Transp., Inc. v. McBride","https://www.westlaw.com/Document/Iabb308df9d7011e0a8a2938374af9660/View/FullText.html?listSource=Search&list=CASE&rank=372&sessionScopeId=4bf52b47ab8a30a0c354223d42e8203fa804931858114e1d1270d4986c81673b&ppcid=e20d53891a2b47faa7bc74de77bf5729&originationContext=Search%20Result&transitionType=SearchItem&contextData=%28sc.Default%29&VR=3.0&RS=cblt1.0","Supreme Court of the United States","June 23, 2011","564 U.S. 685",NA,"131 S.Ct. 2630","10-235",NA,2011
"98","Cases","Yellow KeyCite","https://www.westlaw.com/Link/RelatedInformation/Flag?docGuid=I1d1d62429c9711d993e6d35cc61aab4a&rank=373&listSource=Search&list=CASE&ppcid=e20d53891a2b47faa7bc74de77bf5729&originationContext=Search%20Result&transitionType=SearchItem&contextData=%28sc.Default%29&VR=3.0&RS=cblt1.0","Strickler v. Greene","https://www.westlaw.com/Document/I1d1d62429c9711d993e6d35cc61aab4a/View/FullText.html?listSource=Search&list=CASE&rank=373&sessionScopeId=4bf52b47ab8a30a0c354223d42e8203fa804931858114e1d1270d4986c81673b&ppcid=e20d53891a2b47faa7bc74de77bf5729&originationContext=Search%20Result&transitionType=SearchItem&contextData=%28sc.Default%29&VR=3.0&RS=cblt1.0","Supreme Court of the United States","June 17, 1999","527 U.S. 263",NA,"119 S.Ct. 1936","=""98-5864""",NA,1999
"99","Cases","Yellow KeyCite","https://www.westlaw.com/Link/RelatedInformation/Flag?docGuid=I9a3d73619c9c11d991d0cc6b54f12d4d&rank=381&listSource=Search&list=CASE&ppcid=e20d53891a2b47faa7bc74de77bf5729&originationContext=Search%20Result&transitionType=SearchItem&contextData=%28sc.Default%29&VR=3.0&RS=cblt1.0","Landgraf v. USI Film Products","https://www.westlaw.com/Document/I9a3d73619c9c11d991d0cc6b54f12d4d/View/FullText.html?listSource=Search&list=CASE&rank=381&sessionScopeId=4bf52b47ab8a30a0c354223d42e8203fa804931858114e1d1270d4986c81673b&ppcid=e20d53891a2b47faa7bc74de77bf5729&originationContext=Search%20Result&transitionType=SearchItem&contextData=%28sc.Default%29&VR=3.0&RS=cblt1.0","Supreme Court of the United States","April 26, 1994","511 U.S. 244",NA,"114 S.Ct. 1483","92-757",NA,1994
"100","Cases","Yellow KeyCite","https://www.westlaw.com/Link/RelatedInformation/Flag?docGuid=Id4bb756b9c1d11d991d0cc6b54f12d4d&rank=382&listSource=Search&list=CASE&ppcid=e20d53891a2b47faa7bc74de77bf5729&originationContext=Search%20Result&transitionType=SearchItem&contextData=%28sc.Default%29&VR=3.0&RS=cblt1.0","Edgar v. MITE Corp.","https://www.westlaw.com/Document/Id4bb756b9c1d11d991d0cc6b54f12d4d/View/FullText.html?listSource=Search&list=CASE&rank=382&sessionScopeId=4bf52b47ab8a30a0c354223d42e8203fa804931858114e1d1270d4986c81673b&ppcid=e20d53891a2b47faa7bc74de77bf5729&originationContext=Search%20Result&transitionType=SearchItem&contextData=%28sc.Default%29&VR=3.0&RS=cblt1.0","Supreme Court of the United States","June 23, 1982","457 U.S. 624",NA,"102 S.Ct. 2629","=""80-1188""",NA,1982
"101","Cases","Yellow KeyCite","https://www.westlaw.com/Link/RelatedInformation/Flag?docGuid=Icfadb5b201e811dba2529ff4f933adbe&rank=387&listSource=Search&list=CASE&ppcid=e20d53891a2b47faa7bc74de77bf5729&originationContext=Search%20Result&transitionType=SearchItem&contextData=%28sc.Default%29&VR=3.0&RS=cblt1.0","Woodford v. Ngo","https://www.westlaw.com/Document/Icfadb5b201e811dba2529ff4f933adbe/View/FullText.html?listSource=Search&list=CASE&rank=387&sessionScopeId=4bf52b47ab8a30a0c354223d42e8203fa804931858114e1d1270d4986c81673b&ppcid=e20d53891a2b47faa7bc74de77bf5729&originationContext=Search%20Result&transitionType=SearchItem&contextData=%28sc.Default%29&VR=3.0&RS=cblt1.0","Supreme Court of the United States","June 22, 2006","548 U.S. 81",NA,"126 S.Ct. 2378","05-416",NA,2006
"102","Cases","Yellow KeyCite","https://www.westlaw.com/Link/RelatedInformation/Flag?docGuid=I178212e99c1f11d993e6d35cc61aab4a&rank=389&listSource=Search&list=CASE&ppcid=e20d53891a2b47faa7bc74de77bf5729&originationContext=Search%20Result&transitionType=SearchItem&contextData=%28sc.Default%29&VR=3.0&RS=cblt1.0","N.L.R.B. v. International Longshoremen's Ass'n, AFL-CIO","https://www.westlaw.com/Document/I178212e99c1f11d993e6d35cc61aab4a/View/FullText.html?listSource=Search&list=CASE&rank=389&sessionScopeId=4bf52b47ab8a30a0c354223d42e8203fa804931858114e1d1270d4986c81673b&ppcid=e20d53891a2b47faa7bc74de77bf5729&originationContext=Search%20Result&transitionType=SearchItem&contextData=%28sc.Default%29&VR=3.0&RS=cblt1.0","Supreme Court of the United States","June 27, 1985","473 U.S. 61",NA,"105 S.Ct. 3045","84-861",NA,1985
"103","Cases","Red KeyCite","https://www.westlaw.com/Link/RelatedInformation/Flag?docGuid=I8630a9629c9011d993e6d35cc61aab4a&rank=392&listSource=Search&list=CASE&ppcid=e20d53891a2b47faa7bc74de77bf5729&originationContext=Search%20Result&transitionType=SearchItem&contextData=%28sc.Default%29&VR=3.0&RS=cblt1.0","West Virginia University Hospitals, Inc. v. Casey","https://www.westlaw.com/Document/I8630a9629c9011d993e6d35cc61aab4a/View/FullText.html?listSource=Search&list=CASE&rank=392&sessionScopeId=4bf52b47ab8a30a0c354223d42e8203fa804931858114e1d1270d4986c81673b&ppcid=e20d53891a2b47faa7bc74de77bf5729&originationContext=Search%20Result&transitionType=SearchItem&contextData=%28sc.Default%29&VR=3.0&RS=cblt1.0","Supreme Court of the United States","March 19, 1991","499 U.S. 83",NA,"111 S.Ct. 1138","89-994",NA,1991
"104","Cases","Yellow KeyCite and Overruling Risk KeyCite","https://www.westlaw.com/Link/RelatedInformation/Flag?docGuid=I2352531f9c1e11d9bdd1cfdd544ca3a4&rank=394&listSource=Search&list=CASE&ppcid=e20d53891a2b47faa7bc74de77bf5729&originationContext=Search%20Result&transitionType=SearchItem&contextData=%28sc.Default%29&VR=3.0&RS=cblt1.0 and https://www.westlaw.com/Link/RelatedInformation/Flag?docGuid=I2352531f9c1e11d9bdd1cfdd544ca3a4&rank=394&listSource=Search&list=CASE&ppcid=e20d53891a2b47faa7bc74de77bf5729&overruleRisk=true&originationContext=Search%20Result&transitionType=SearchItem&contextData=%28sc.Default%29&VR=3.0&RS=cblt1.0","Edwards v. Aguillard","https://www.westlaw.com/Document/I2352531f9c1e11d9bdd1cfdd544ca3a4/View/FullText.html?listSource=Search&list=CASE&rank=394&sessionScopeId=4bf52b47ab8a30a0c354223d42e8203fa804931858114e1d1270d4986c81673b&ppcid=e20d53891a2b47faa7bc74de77bf5729&originationContext=Search%20Result&transitionType=SearchItem&contextData=%28sc.Default%29&VR=3.0&RS=cblt1.0","Supreme Court of the United States","June 19, 1987","482 U.S. 578",NA,"107 S.Ct. 2573","=""85-1513""",NA,1987
"105","Cases","Yellow KeyCite","https://www.westlaw.com/Link/RelatedInformation/Flag?docGuid=Id4c7aa679c1d11d991d0cc6b54f12d4d&rank=395&listSource=Search&list=CASE&ppcid=e20d53891a2b47faa7bc74de77bf5729&originationContext=Search%20Result&transitionType=SearchItem&contextData=%28sc.Default%29&VR=3.0&RS=cblt1.0","Textile Workers Union of America v. Lincoln Mills of Ala.","https://www.westlaw.com/Document/Id4c7aa679c1d11d991d0cc6b54f12d4d/View/FullText.html?listSource=Search&list=CASE&rank=395&sessionScopeId=4bf52b47ab8a30a0c354223d42e8203fa804931858114e1d1270d4986c81673b&ppcid=e20d53891a2b47faa7bc74de77bf5729&originationContext=Search%20Result&transitionType=SearchItem&contextData=%28sc.Default%29&VR=3.0&RS=cblt1.0","Supreme Court of the United States","June 03, 1957","353 U.S. 448",NA,"77 S.Ct. 923 (Mem)","211, 262, 276",NA,1957
"106","Cases","Yellow KeyCite","https://www.westlaw.com/Link/RelatedInformation/Flag?docGuid=Ibde429b39c2511d9bc61beebb95be672&rank=396&listSource=Search&list=CASE&ppcid=e20d53891a2b47faa7bc74de77bf5729&originationContext=Search%20Result&transitionType=SearchItem&contextData=%28sc.Default%29&VR=3.0&RS=cblt1.0","Hill v. Colorado","https://www.westlaw.com/Document/Ibde429b39c2511d9bc61beebb95be672/View/FullText.html?listSource=Search&list=CASE&rank=396&sessionScopeId=4bf52b47ab8a30a0c354223d42e8203fa804931858114e1d1270d4986c81673b&ppcid=e20d53891a2b47faa7bc74de77bf5729&originationContext=Search%20Result&transitionType=SearchItem&contextData=%28sc.Default%29&VR=3.0&RS=cblt1.0","Supreme Court of the United States","June 28, 2000","530 U.S. 703",NA,"120 S.Ct. 2480","=""98-1856""",NA,2000
"107","Cases","Yellow KeyCite","https://www.westlaw.com/Link/RelatedInformation/Flag?docGuid=Idf00c0b19c9c11d993e6d35cc61aab4a&rank=398&listSource=Search&list=CASE&ppcid=e20d53891a2b47faa7bc74de77bf5729&originationContext=Search%20Result&transitionType=SearchItem&contextData=%28sc.Default%29&VR=3.0&RS=cblt1.0","BMW of North America, Inc. v. Gore","https://www.westlaw.com/Document/Idf00c0b19c9c11d993e6d35cc61aab4a/View/FullText.html?listSource=Search&list=CASE&rank=398&sessionScopeId=4bf52b47ab8a30a0c354223d42e8203fa804931858114e1d1270d4986c81673b&ppcid=e20d53891a2b47faa7bc74de77bf5729&originationContext=Search%20Result&transitionType=SearchItem&contextData=%28sc.Default%29&VR=3.0&RS=cblt1.0","Supreme Court of the United States","May 20, 1996","517 U.S. 559",NA,"116 S.Ct. 1589","94-896",NA,1996
"108","Cases","Yellow KeyCite","https://www.westlaw.com/Link/RelatedInformation/Flag?docGuid=Ic1d4a20f9c1e11d991d0cc6b54f12d4d&rank=401&listSource=Search&list=CASE&ppcid=e20d53891a2b47faa7bc74de77bf5729&originationContext=Search%20Result&transitionType=SearchItem&contextData=%28sc.Default%29&VR=3.0&RS=cblt1.0","Dawson Chemical Co. v. Rohm and Haas Co.","https://www.westlaw.com/Document/Ic1d4a20f9c1e11d991d0cc6b54f12d4d/View/FullText.html?listSource=Search&list=CASE&rank=401&sessionScopeId=4bf52b47ab8a30a0c354223d42e8203fa804931858114e1d1270d4986c81673b&ppcid=e20d53891a2b47faa7bc74de77bf5729&originationContext=Search%20Result&transitionType=SearchItem&contextData=%28sc.Default%29&VR=3.0&RS=cblt1.0","Supreme Court of the United States","June 27, 1980","448 U.S. 176",NA,"100 S.Ct. 2601","79-669",NA,1980
